Author,Text,Date,Score,Author_ID,Subreddit,Sentiment_Score,Sentiment_Category
Clumsywon,"I have a couple of layman's thoughts I'm still sorting out. One is that the nft is not the art. The nft is just data. The trading card or artwork or song whatever has its use value in a different media that can be separated from the blockchain. 

I can look at the finest nfts demanding the highest prices and just download or screen capture them. I then have exactly what the owner has except for this abstract concept of the contract.  They say that blockchains are permanent. but a lot of the nfts are tied to particular marketplaces. Like I can get a Wax trading card that only exists in the Wax ecosystem or I can get fine art at Nifty Gateway that is only compatible with the Nifty website. 

What happens to the nft if the organization that hosts it goes bankrupt and closes up shop?  You can say that the unique contract still exists somewhere in the net but what does that mean when the host doesn't exist? If WilliamShatner.io shuts down do I really have anything other than a jpeg of a ham actor with no monetary value?
I'm not trying to be a naysayer here I've spent money in the marketplace and I'm enjoying seeing new projects pop up. It just raises a lot of questions about what value is and how the market might be manipulated.

Also this part I totally don't understand. They say that blockchains can be looked at for verification and proves ownership. But if I look at the ethereum or other blockchain and find the contract what will I actually see? Is the nft content embedded there or is it just a chunk of data with my associated key number?",2021-01-16 16:39:08,226,12yz4p11,NFT,0.8503,very positive
Jeffdud3,"If I buy an nft and download its asset(s) can I still sell it again? So its not like a unique file, but a unique download link? And then Id be trusted not to upload that file somewhere else?",2021-02-01 16:49:11,35,6e27h,NFT,0.6128,very positive
Bach_Bach_Bach,I so appreciate this so much. Im a musician and photographer and am hungry for info!,2021-01-14 00:10:36,33,90vlaeky,NFT,0.5081,very positive
beemoTheAngryRoomba,"im new to NFT but not to crypto, I'd like some help on how to think or perceive the variety of lens on the authenticity of physical goods with NFT, or if that's even a viable use of NFT's

How do you keep a physical collectible authentic with its associated NFT. For example, what if I saw a collectible items 'watermarked' with its NFT, I liked it so much that I went home and literally made a copy of it. It's so similar that unless a person had been sitting down with both versions for a few hours you wouldn't be able to say which one was the first and real one. 

Then i went on an NFT minting site and registered my copy with its own NFT.

Technically now there are two of these collectible items with their own NFT. In that way they are different because they have their own NFT to identify each other, but the physical items aren't unique in its idea and conception.

Or is that out of the realm of NFT and proving authenticity? As in, now there are just two instances of a similar collectible item that are separated by their NFT identity?

I suppose it's just something I haven't really absorbed and realized the intrinsic value of owning a particular NFT versus owning a collectible that happens to have its own NFT. Like I'm not able to associate value with owning a specific NFT, I'm associating the value of the collectible that the NFT is attached with.

Anyways I'm not knocking on NFTs, I am very interested in them and want to learn and understand everything about them! Thanks for any help/advice/suggestions",2021-02-20 00:14:46,23,ac01le60,NFT,0.9861,very positive
Arghmybrain,"I have some questions!

Data storage: 

* Mintable says they are the only ones where you can choose where to store data. Where do other minting places store their date?
* If you let mintable handle it, where do they store their data?
* How future-proof is IPFS?
* If you make your own choice, what's a good secure place to store data? 
* Is there any possible way to change that link to the data in the future in case it somehow goes down?

Pricing:

* Is there a list of the costs other minting place charge?
* Do you always pay per NFT, or only ever per batch?

Other questions:

* What are the downsides to mintable's gasless minting?
* If you'd like to start a collectible set to add to in the future, is gassless minting a good option or should you really use the normal method?
* Do other stores have an upside mintable doesn't?
* Should I wait for l2? I understood it's coming in an update soon. (really confused on the l2 stuff)
* Are there non-ethereum based NFT art/collectible protocols that might be preferable?
* Any other important info that's not included in this how to mint tutorial?",2021-03-05 17:56:24,19,72e7k7j6,NFT,0.8677,very positive
theaveragehousecat,This is such a cool emerging market,2021-02-02 19:39:18,19,zoj7o,NFT,0.3182,somewhat positive
Sturmgewehrkreuz,Thanks a ton! I just posted a piece in mintable (gasless). I still have no idea wtf I am doing lol I have a super vague understanding on cryptcurrency/cryptoart/etc.,2021-02-02 20:03:45,14,pq69y,NFT,0.8851,very positive
groenic,due to the high gas fees could it be that NFTs will be run on another blockchain like Cardano in the near future? i mean i saw some guy picking up an item in decentraland worth 30 cents and he had to pay like 80 cents or something for gas fees.,2021-02-25 12:11:37,9,11pgmx,NFT,0.6705,very positive
6packofbeard,"I try to simplify the NFT introduction with this [article](https://iconforge.medium.com/icon-forge-what-are-nfts-f261df1d38ac). The more people investing, the merrier! ICON has its first NFT marketplace now with the online strategy game [projectnebula.app](https://projectnebula.app)",2021-01-20 10:02:06,8,8ri3p47v,NFT,0.4574,somewhat positive
Fashankadank,"Thanks for this guide. 
Helped me understand a lot better, though I'll still need to watch a video/hear the info to really articulate it better. 

In less time than it took me to read your post I created an account on mintable.app. As well as creating a wallet on metamask. 

I then listed a photo of my cats napping together for $1. Never enough cat NFTs, right??",2021-02-11 22:21:55,8,z3yel,NFT,0.9277,very positive
danknuggies4,"But if I make an nft don't I keep the original file? Or is the file uploaded and locked? 

Whats to stop me from minting the same thing over and over?",2021-02-03 00:14:05,7,1s8hqbx6,NFT,0.1754,somewhat positive
GabeRull,"If you wanted to write your own smart contract for listing an NFT auction, how would you get word out about it to the community? Is there a directory of sorts for the blockchain that guarantees people will see it without doing anything? Or would you want to promote it on reddit or social media or something like that? Also, if I'm writing my own code for the smart contract, might I still want to use mintable for any part of the process? Or would that no longer be necessary?

I am a computer science student and need a project to show potential employers. I was thinking of attempting to sell some art in the form of NFT and writing smart contracts. I don't yet know if that would be impressive or not, because I don't really know how much coding goes into the process or if it is even difficult. But I would like to give it a try.",2021-02-01 07:53:23,6,6xjpz85p,NFT,0.8862,very positive
Wolfpack252,"This is really interesting to me. I get NFTs are copyrighted, immutable, resellable, etc. but how does this provide utility to the consumer beyond just being store of value and hopefully accretion over time?

The example I have in my head (and what got me interested) is seeing a LeBron James digital highlight being sold for over $100k. What does the owner of this highlight get out of this ownership that I dont have watching that highlight (and plenty others) on YouTube? Seems like they incur a lot of risk if that marketplace fails, and Im just not understanding where the value is of actually owning this data. 

Im not a naysayer on this technology, just genuinely curious and would love to hear from someone more well-read.",2021-02-02 22:43:07,4,28pcilkh,NFT,0.985,very positive
behindblueyes34,"So I'm just learning NFTs, I'm a noob

But, what's the market like on photography?
I'm a creative type, but photography is my thing and wanna incorporate it.",2021-02-26 14:05:24,5,6f6copt0,NFT,0.7906,very positive
RelativePotential120,"Can a NFT be Gifted out of the owners collection? say someone is selling 100 nft's and they are listed on opensea, can they remove a couple and give them to people?",2021-02-18 04:07:59,3,aaioknur,NFT,0.0,neutral
Professional_Knee196,"https://app.rarible.com/token/0xd07dc4262bcdbf85190c01c996b4c06a461d2430:157820:0xdb69744c14c6545822a57fe1476b154f27e4045e

My first NFT created. Crypto to the moon",2021-02-24 11:43:51,3,a1zw93hy,NFT,0.25,somewhat positive
CutInteresting3789,Hey if ETH forks which chain is the real owner of the NFT?,2021-03-03 04:27:43,3,7rhxfbed,NFT,0.0,neutral
Veganjuly,Is there a site / wallet where one can view all their NFTs in one place? Hotshots next to eth based NFTs?,2021-03-07 03:40:01,3,ar5re0h5,NFT,0.0,neutral
tsafa88,"Can anyone explain how royalties work? I can't understand how you can have an 'automatic' royalty based on a percentage (of sale price I assume?)? How can the token be aware of the sale price? Unless it's locked into some proprietary platform but wouldn't that make it far less valuable than a token you can transfer freely?

If there is a royalty based upon sale price, why wouldn't buyers and sellers just understate the sale price?

I can understand how you could have a static/fixed or graduating ETH fee in order to be able to transfer the NFT but how could this be aware of the sale price?

Also what are the favored standards for creating art NFTs that would be most compatible with the best platforms for initial sale and later resales?

""Some NFTs will automatically pay out royalties to their creators when they're sold. This is still a developing concept but it's one of the most powerful. Original owners of EulerBeats Originals earn an 8% royalty every time the NFT is sold on. And some platforms, like Foundation and Zora, support royalties for their artists.

This is completely automatic so creators can just sit back and earn royalties as their work is sold from person to person. At the moment, figuring out royalties is very manual and lacks accuracy  a lot of creators don't get paid what they deserve. If your NFT has a royalty programmed into it, you'll never miss out."" - [https://ethereum.org/en/nft/](https://ethereum.org/en/nft/)

Thanks.

  
Edit: This appears to be the correct answer:

EXAMPLE TIME!

1. You decide to mint and sell your CG teapot NFT on Rarible.

2. When youre creating your listing, you opt for a 20% royalty. (On Rarible, you can choose whatever percentage you want.)

3. A few days later, your item sells for 5 ETH (5 Ether, equivalent to $3,700 USD at the time of writing). NICE!

4. You keep all of that money, minus Raribles commission fees.

5. The following week, the original buyer of your NFT sells it on Raribles secondary marketplace for 6 ETH ($4,400 USD). Since you set a 20% commission, youll make about $880 on that transactioneven though you were not directly involved in it.

6. The next week, the new owner sells your NFT on OpenSea. (All Rarible items can be listed and sold on OpenSea as well.) Unfortunately in this case, you dont get any royalties. Royalties from Rarible (where you minted) are not currently transferrable to OpenSea. Bummer.

Again, royalty systems differ for each marketplace. Take some time to research each platform before deciding where to sell your stuff.

https://justincone.com/posts/nft-skeptics-guide/

Also see:

https://eips.ethereum.org/EIPS/eip-2981

This is important for creators and collectors. I'm surprised the answer is so hard to find.",2021-03-07 10:31:46,3,52qndydz,NFT,0.9943,very positive
redditnathan1,"A friend has a new physical product with a patent in the works, its really cool. I wonder if they could use NFT to sell the Copyright, Patent, Trademark, and all business assets. Like an IPO, launch, and sale of the company at one time. Educate me.",2021-03-08 09:14:08,3,3ggoe,NFT,0.8399,very positive
SexFartGuy,"Would it be possible, theoretically to mint moments in time; say major historical events or things of the sort?",2021-03-16 02:18:09,3,sbkhmcz,NFT,0.0,neutral
what2do4you,"Are there other use cases aside from digital art? I would like to understand other ways NFTs are useful in day to day life. Also, is there a compelling use case for blockchain to physical real world benefits?",2021-02-12 13:04:48,2,4axiye5,NFT,0.8504,very positive
pickmez,"Very new to this area.

Can I NFT original writing?

I create a lot written erotica I'd love to make some originals to get started.

Idk if these sites have rules against written erotica though",2021-02-14 05:40:15,2,ku0js,NFT,0.802,very positive
Chickfizz-eats-memes,Im very confused but interested. Time to learn more,2021-02-16 10:56:11,2,4beon265,NFT,0.4852,somewhat positive
chartropper,What are a few good NFT tokens to buy right now?,2021-02-22 19:13:12,2,6oya8y4u,NFT,0.4404,somewhat positive
bmac5252,Is it possible to transfer NFTs to a cold wallet?,2021-02-24 03:52:18,2,354gzfyk,NFT,0.0,neutral
Pterodactyl2021,Whats the best way to start getting into the NFT space? should i start creating art or is there other ways to use NFT's? This space seems very interesting and i would like to dive in.,2021-02-25 01:45:38,2,629knrbv,NFT,0.9053,very positive
jdizzlegpillz,"What happens if someone say stole a audio file of a song from a friend illegally and then uploaded it as something for sale and sold it? I know people who will try to fuck others over doing that. Pretty much what can be done if some stole something from you, and sold it as there own art.",2021-02-28 17:06:42,2,3nvhekzo,NFT,0.4404,somewhat positive
trip92,"Hey,  I,m new to crypto and Nft,  Got to say i love this rabbit hole.  I'm real curious in the application of nft used as a way to fund events such as concerts for example.  If anyone could link me to info or engage in conversation.  No one i know is into crypto and i feel like talking it out and exposing myself more just is the way to learn this",2021-03-05 15:02:56,2,5uvywhcm,NFT,0.7964,very positive
Tommycourtney,Does anyone know if the digital clothing designs from [Ionbh](http://ionbha.co.uk/login/?redirect_to=http%3A%2F%2Fionbha.co.uk%2F) are NFTs?,2021-03-07 15:39:42,2,9iwh86i2,NFT,0.0,neutral
pixelmanning,"Question, would people buy nude/porn pixel art NFTs?",2021-03-07 18:18:00,2,ark203fu,NFT,0.0,neutral
albyantoniazzi,"Just minted my first NFT 

https://mintable.app/collectibles/item/Pangxie-Holy-crab/kbEpqkXir_fJnJw",2021-03-08 12:55:37,2,rcin5,NFT,0.0,neutral
XshaosX,"I'm confused.

If I go for the gas free option, do I still have to pay the price of opening a store?",2021-03-08 12:58:00,2,12tcgsal,NFT,0.1531,somewhat positive
CarrionComfort,">4. **Collectible** - These NFTs/items are collectible. You can hold onto them, and their value will only go up in price since there are little ways to dilute the collection. Buying them to resell them can earn you thousands of dollars. There are plenty of people who do it everyday and earn a living from it.

This is stupid. Just because there is little supply doesn't mean the value goes up. 

If you're trying to explain digital bartering you should know better than to sound like a bad salesman.",2021-03-08 19:15:17,2,bt6lt,NFT,-0.2815,somewhat negative
Gahdzilluh,Can a random joe of the street make an NFT of a licensed character like batman and sell it? If DC ever got into NFTs would they shut that down? Or can anyone make anything and sell it?,2021-03-09 00:29:12,2,22j40d0u,NFT,0.466,somewhat positive
awebig,"K... Brand new to this... but I see the potential. 

Big Question for me

As an obscure musician/composer... over 25 years of original music, 10 albums released that I own 100%.  Over last 2 years, 3 hours of unreleased compositions I am offering to film and TV.... and truck loads of strange little noises and bits, samples that could be bought to add to someone elses score.      
Is NFT a potential route, if my name and work is not widely established, but I am working hard to promote?  

My thought is, I could turn my work to NFT's....  Connect with my fans from over the years, offering to sell a majority, while I continue performing and marketing the pieces to publisher, film, TV etc.  The benefit not being owning a 'big' artists song... Instead, the potential of it becoming worth much more, if used in film, tv and new media?  


Thanks for the time and help.... This is a curious topic.,, and could be a saviour for the music industry.",2021-03-09 05:21:13,2,5rlbb4,NFT,0.9666,very positive
toruan_jb,"After reading this thread for sometime, i still dont get this :

How is an NFT attached in any way to the physical form ( if it has one ) ? If a painting is an NFT, how can we be sure that the painting is the exact painting that the NFT is attached to ?",2021-03-09 21:09:42,2,424emunz,NFT,0.3939,somewhat positive
BootySenpai,"Did we solve the carbon foot print problem yet? Because its really straining the relationships between art groups right now.

Personally I was really into NFT but Idk if I can bring my self to be such a energy waster. 

anyone have any thoughts on this subject?

NFT is really cool but.....man that dark side is pretty bad",2021-03-15 21:35:04,2,ip0xo,NFT,0.4772,somewhat positive
photosophic,"I have some questions. Any help is much appreciated.

1- Can an NFT be ""programmed"" for usage rights to expire and revert back to the creator/seller after a certain time has lapsed? 

2- Can the NFT limit the buyer to how or where the actual asset is presenting? For example, I am a commercial photographer who sells usage rights to clients for specific uses like website only, social media only for 2 years, etc. Frequently clients don't come back to me for extensions of usage rights because frankly, they don't know they have to by the time 2 years go by. 

3- Can an NFT have royalties build in for more than 1 creator such as director and on-camera talent or producer and musician?

Thank you Reddit Community.",2021-03-15 22:18:20,2,hp14y,NFT,0.9512,very positive
SergKlyosov,Thank you for the useful guide,2021-04-09 12:48:40,2,4yrxt4iq,NFT,0.6597,very positive
NFTheft,NFTs are like buying really expensive shoes or a Pokmon cards. You just hope some other idiot who is willing to pay more for it !,2021-04-15 16:17:48,2,b1fiznp2,NFT,0.2481,somewhat positive
franzlopez,"NFTs are the future and I recommend that you guys check out NFT Tech! It's about to be launched and it is backed up by solid investors! Heard it's the Amazon for NFTs and lets you trade on a liquid marketplace. Well, let us not miss out!",2021-05-26 14:25:21,2,cawyk9t9,NFT,0.8325,very positive
Positive-Plankton898,Go check out this nft https://mintable.app/art/item/The-eternal-hands-Eternal-fire-hands-greatness-artwork/kgvRTJNd13Ynv-K,2021-05-28 14:17:55,2,bjjgrgce,NFT,0.0,neutral
Slatfalf_NFTs,"Very useful, Thank you kind mods!",2021-05-29 23:58:38,2,buz7xf70,NFT,0.8646,very positive
TheGodlyBird,"I have a graet Idea  for a NFT Collection, but i need a Artist, photoshop aso.",2021-06-05 12:26:19,2,at54eehp,NFT,0.0,neutral
gdm41,"I would recommend the wax blockchain for Nfts, eth has high fees atm. Take a look at atmomicub.io",2021-01-25 13:09:24,1,dc6em,NFT,0.3612,somewhat positive
MaxRockatansky514,"Fantastic post, great information 

There are many NFT options including on demand minting using uMint only found on Phantasma.  uMint uses the worlds first SmartNFT technology to add various attributes within your NFT including infusing various crypto assets.  Then list your NFT on the worlds first cross chain marketplace - Ghostmarket for free.  So minting and selling NFTs has never been so cheap....forever.

https://youtu.be/pG6l6mloCdw

https://medium.com/phantasticphantasma/create-your-own-nfts-2a4d593ee8db

https://ghostmarket.io/

https://medium.com/phantasticphantasma/the-smart-nft-3a1ff1c03328

Phantasma is a tri chain, interoperable with Ethereum and Neo with 5000k tx/s.   Phantasma doesnt suffer from the constraints of high fees as found on Ethereum based projects.  Mint NFTs for pennies.  The more you mint the cheaper it gets.  On demand minting allows you to mint up to 50,000 NFTs in one transaction.

https://youtu.be/rbw0W7nEtmI

GOATiE has developed their 22 Racing Series Racing game on Phantasma using  Smart NFTs.  They have minted 280k car parts with various performance attributes that the player can buy, build, mint all the NFT parts into one NFT to own and race their car. On Ethereum it would have cost over $300k.  On Phantasma ~$50.  Beta available on Steam with Pavillion Hub, full release Q2 2021.

https://youtu.be/tKE3GSYni-k

https://www.pavillionhub.com/",2021-01-14 03:07:47,1,ra9j6h5,NFT,0.9455,very positive
SomeJasonGuy,"One of the most valuable NFT projects out there is Node Runners. It's valuable because you can actually stake their Hero NFTs for insanely high yields and earn their native token $NDR.  
Check it out here it's amazing - [https://noderunners.io/stake](https://noderunners.io/stake)",2021-01-14 09:31:53,1,7mxsw,NFT,0.9312,very positive
TankieWankies85,Heres an Art piece I minted youll get the physical one too! Check it out! [Man in the Shadows](https://opensea.io/assets/0x60f80121c31a0d46b5279700f9df786054aa5ee5/100668),2021-02-14 21:23:26,1,ad47ethw,NFT,0.0,neutral
sungodshamash,Unfortunately ETH  gas fees are ridiculous a $50 cost just to mint a NFT art fee is crazy. Got tired of it and decided to build a platform on where the cost to mint is just a buck or two. Would love to connect with NFT artist for beta  here r/kelekshen,2021-02-20 04:11:42,1,7k32v1vs,NFT,-0.6124,very negative
rogiyer594,"Check out [https://noderunners.io/](https://noderunners.io/) \- it's a cyberpunk themed game, which combines both NFT and DeFi. Farm & stake NFTs to earn $NDR, or fight Villains to claim their NFTs and stake them too ;) Have fun!",2021-01-13 12:17:07,0,8wvgm65d,NFT,-0.4753,somewhat negative
BitBoyFAN101,"NFTs are easy to make. You can use the website [app.rarible.com](https://app.rarible.com) to easily make one at a ethereum price charge. 

Heres an example: [https://app.rarible.com/user/0x640956ead23361dd84eee8a8ee10cc290f5c01d4/collectibles](https://app.rarible.com/user/0x640956ead23361dd84eee8a8ee10cc290f5c01d4/collectibles)",2021-01-27 23:10:30,0,a0xrls7m,NFT,0.6486,very positive
juanjom182,"\*\*\*once in a lifetime opportunity to be among the first to buy a #satoshi nakamoto NFT\*\*\*

Inspired by decentralized networks and artificial intelligence this [UNIQUE PIECE](https://app.rarible.com/token/0x60f80121c31a0d46b5279700f9df786054aa5ee5:146507:0x4212d8e0f61574d1002acdc6c688148ad415de59?tab=owners) uses simulated growth to create mesmerizing forms out of a set of simple rules that dictate its growth.",2021-02-18 22:25:23,0,abs5dmel,NFT,0.9371,very positive
rsuhas469, <!--td {border: 1px solid #ccc;}br {mso-data-placement:same-cell;}-->have you seen maybe you know who will be here? it seems to me here will be something about NFTs and tokens....https://www.youtube.com/watch?v=JCgcdqzEQa8,2021-02-24 11:18:07,0,aijzvdms,NFT,0.3076,somewhat positive
bicboipapa,"I can see the use in gaming. If someone creates a super sick skin or something and they can use it in-game, I think that would be a good advantage of NFTs. Other than that, I can't see it with trading cards since many people would rather have a physical trading card.",2021-02-27 22:04:29,0,3x5km7hd,NFT,0.765,very positive
yerosow02,"https://app.rarible.com/token/0x60f80121c31a0d46b5279700f9df786054aa5ee5:292271:0xa27805cf1e095ba6e27a5282f8e261289a38db2f

Is this a good one?",2021-03-06 18:21:55,0,214ljmgr,NFT,0.4404,somewhat positive
Beans-The-Jackchi,Just listed my first NFT. https://mintable.app/profile/current-item-list,2021-03-10 14:01:28,0,5ungnjf6,NFT,0.0,neutral
NefariousnessOdd3942,"https://rarible.com/token/0x60f80121c31a0d46b5279700f9df786054aa5ee5:359008

Is anyone else getting the NFT creative itch.. I just created a commemorative NFT, for fun, would love the communities feedback - images of Kobe's Rings ",2021-03-10 19:02:57,0,6ze8e30x,NFT,0.9081,very positive
BrokenTrojanMan,Are all NFTs exchanged in crypto? Or can I pay regular USD to buy an NFT? Asking because coinbase wont let me transfer all my ethereum to my coinbase wallet until the funds settle and I want to snag a drop on nifty gateway on Friday. On the website it gives you the option to use a credit card so I assume they do but Im not sure and dont wanna miss this drop,2021-03-11 00:03:18,0,4rixkn54,NFT,-0.4853,somewhat negative
Alarmed_Minimum2626,"THIS! is pretty awesome stuff,well done. im working on a german version of a guide line myself",2021-01-23 09:29:53,1,7cxy89yu,NFT,0.8221,very positive
minusthelela,"Maybe someone can help answer this for me but when someone makes a bid on an NFT I've minted on an above mentioned site, do I have to pay a gas fee just to accept the bid as well?",2021-02-13 13:47:15,1,b1na9,NFT,0.743,very positive
skramboney,Add NiftyGateway to the marketplaces! Its where all the biggest artists tend to do their drops!,2021-02-14 19:46:50,1,r2vvx3w,NFT,0.0,neutral
imustbedead,"I think people raise a lot of good questions, but remember the market is already leaving rules behind. Art is nonsense sometimes and NFT is lawless.",2021-02-15 07:36:12,1,4aqni,NFT,-0.3818,somewhat negative
fuzzyunimo,When you say minting what exactly does this mean?,2021-02-17 23:06:27,1,9d199m9r,NFT,0.0,neutral
sungodshamash,Thanks,2021-02-18 00:18:31,1,7k32v1vs,NFT,0.4404,somewhat positive
Nomadic8893,"Noob question, trying to understand this emerging space - what's the value of buying an NFT?  If someone posts a cool image/piece of art on OpenSea anyone can just screenshot it? Why pay Ether just to say you own it and have it verified on the Blockhain? and once you buy an NFT what can you do with it? Just have it in your files or on some website? Can you print it physically and hang the art work in your home?",2021-02-18 19:33:55,1,7stwguix,NFT,0.6199,very positive
Stylo977,So I cant use pancake swap/trust wallet to get nfts ?,2021-02-19 19:30:45,1,a1fp5t6g,NFT,0.0,neutral
superbashbro95,If i want to store NFT and buy it can i do so on a ledger Nano s?,2021-02-22 00:58:16,1,1oqb3wxy,NFT,0.0772,neutral
Chief_keif-,"Ok I still dont get why I would want to pay thousands of dollars for a picture some random thing. Like you wouldnt buy a picture of a piece of art, that wouldnt usually cost much, for a lot of money just because its unique. I could pay someone to draw me an intricate character for under $100 and it would be unique but then suddenly it could be worth hundreds or thousands as an nft?",2021-02-22 04:12:19,1,3wuglc06,NFT,0.5789,very positive
Mithmorthmin," 

Yes its a License Agreement. Yes it has structure and sections and intimidating boring words. No it's not long at all. Its easy to follow and make sense of. It should take you 7 minutes tops to read the whole thing. Enjoy.

[https://www.nftlicense.org/](https://www.nftlicense.org/)",2021-02-23 03:48:07,1,kymok,NFT,0.891,very positive
Connor21777,"So what if ETH crashes, is the art worth less now or just more ETH? How does one know this price changed? How is this all calculated?",2021-02-23 10:18:26,1,4jbjqycm,NFT,0.3485,somewhat positive
screenagersdesign,"Nice info you can also check a **Quick Guide to NFTs**  
 

 [https://www.reddit.com/r/PandoraProtocol/comments/lqxgjv/a\_quick\_guide\_to\_nfts/](https://www.reddit.com/r/PandoraProtocol/comments/lqxgjv/a_quick_guide_to_nfts/)",2021-02-24 02:09:02,1,5x92l2yd,NFT,0.4215,somewhat positive
vfxb84,What if someone copies the digital art and sells somewhere else that are not the block chain websites?,2021-02-24 04:06:09,1,6ybq5cub,NFT,0.3412,somewhat positive
rsuhas469,have you seen maybe you know who will be here? it seems to me here will be something about NFTs and tokens....https://www.youtube.com/watch?v=JCgcdqzEQa8,2021-02-24 11:18:27,1,aijzvdms,NFT,0.0,neutral
Hipurisud,"I think that the idea of how do we actually value these natively digital assets is one of the most hardest and overlooked questions and topics. Everyone comes in with a traditional mindset and framework, but that also doesn't make sense. We are undeniably living in a natively digital economy almost. We need to look at unique digital factors to value these assets and in my opinion that comes down to rarity + a story. These are the biggest components that are able to back the asset, provide a maintenance margin and price floor to its value.

Any thoughts anyone?",2021-02-24 18:36:53,1,88x9jtur,NFT,0.8926,very positive
portacade,"Why would you have your own store with gas fees over having gasless minting... also what is minting, is it just a verification of the art work to the original creator?",2021-02-24 18:56:16,1,4tpevfhy,NFT,0.3182,somewhat positive
DenverDuckDude,"If it hasn't been mentioned already, I think it's important to realize that the collectors of NFTs are all in on digital and perhaps have no interest in traditional physical art, just as they are all in on cryptocurrency and no interest in fiat.  This demand for a new type of blockchain-based collectible will be unlikely to go away and in the same way that traditional, physical art collectors consider one of a kinds like the Mona Lisa, etc. to be extremely valuable, blockchain/crypto/digital collectors consider Cryptopunks, etc., in the same light.",2021-02-25 01:03:02,1,77xjn2i7,NFT,0.2751,somewhat positive
thebeardlessladx,Can I setup royalties for my NFT without having to start a store?,2021-02-25 02:02:05,1,9yt6sncm,NFT,0.0,neutral
Apprehensive_Dig_163,"NTFs - Unique hash that you can sell and if it'll get more attention and if it'll be sold a couple of times, price starts skyrocketing.",2021-02-25 12:39:36,1,8kdk2abh,NFT,0.0,neutral
Flyingdogeeeeee,I have the feeling the whole NFT market is going completely insane! Why would someone pay so much for a meme like this: https://opensea.io/assets/because-i-can,2021-02-25 22:33:09,1,a5op7g30,NFT,-0.1742,somewhat negative
repmel007,can NFT have music/sounds attached to them?,2021-02-26 01:18:27,1,11vji2,NFT,0.0,neutral
lf_dy,"Speaking as an artist who's now interested in this, I've been watching videos to wrap my head around this whole ordeal and I still can't understand why people would buy any digital assets. I guess in the sense of btc going up, it shouldn't make much sense but there actually is a plausibility of btc being applicable in terms of digitizing currency in the future. 'Crypto art' being sold can always be stolen, copied, and reproduced so why would anyone actually pay x amount of money for something so trivial as a 'certificate of autheticity' in comparison to it's physical counter parts?",2021-02-26 05:03:58,1,4c2gwv5m,NFT,-0.6637,very negative
dk2014neverforgets,Isn't NFT for OnlyFans a great usecase? Real talk,2021-02-26 11:19:32,1,7xladzyb,NFT,0.6249,very positive
Spiritual_Major_4656,Gas prices can be monitored from etherscan or adding a chrome app then timing your upload when gas prices are low. Hope that helps newbies. I took some time figuring that out when starting,2021-02-26 12:22:50,1,a1bvcaoc,NFT,0.5267,very positive
carlos_botas,"What's interesting is that some of the concerns I'm seeing here about people stealing work: 

1) already effect web-hosted art with or without NFTs 

and 

2) actually have parallels to problems that exist with more traditional forms of art. Verifying the history of works of art is its own world. There are more than 1 Da Vinci paintings, for example, that are under question.

People get accustomed to old problems, but get nervous about ""new"" problems.",2021-02-26 20:41:12,1,v9eyk,NFT,-0.8555,very negative
fircx,Can I mint NFT without gas fee ?Does it work on other blockchains rather than Ethereum  ?,2021-02-26 21:35:11,1,c0w22,NFT,0.0,neutral
brvgv,"I have a question, if my artwork resembles some other card games that already exist but is of course a bit different in style, will i get in trouble?
Basically should i create the art solely from scratch or can i use templates?",2021-02-27 01:16:08,1,158u9d,NFT,-0.3094,somewhat negative
SubstantialCat6221,"I am new to this and understand what an NFT is but am struggling with the gas concept, well I understand but have a question. I currently have a pending transaction from meta mask to open sea for an art NFT. Does that mean the NFT art piece is reserved for me or do I have to put a certain amount of gas to reserve it?",2021-02-27 02:53:18,1,8taxrvh8,NFT,0.1531,somewhat positive
WhoIsTillman,"My artwork just got minted, check it out 

https://opensea.io/assets/adam-crins-arts",2021-02-27 03:48:11,1,a4cuuyo8,NFT,0.0,neutral
drgiii72,"Could I make a physical display of an nft? Like an nba topshot, could I have like a holographic display of one of those if I purchased it? Or a moving art piece framed in a screen?",2021-02-27 05:12:42,1,15sxwy,NFT,0.6747,very positive
Phillyike,I have an idea. I have money. I have connections. I need a developer to create a NFT platform to seek material. Who can help me? You will get ownership.,2021-02-27 09:45:24,1,altaw27k,NFT,0.5859,very positive
Educational_Agent820,"Excellent post! thanks a ton for this!

I was introduced to NFTs in clubhouse and let me say that the conversations and debate I have seen over there are not as clear or as deep as this thread....

One question, what is a good ETH wallet to start?",2021-02-27 15:35:07,1,a1ktt6t0,NFT,0.836,very positive
Albert3232,What are the steps I need to say open an account and sell some of my beats. I have no experience with cryptos or token or blockchain at all. Mind someone guide me tru this?,2021-02-27 17:56:33,1,l89qf,NFT,-0.296,somewhat negative
greatm31,Is it possible to create an NFT that uses the address (?) (I don't understand crypto) as part of itself? E.g. imagine some generative art that is created in the process of minting it. So it would be perfectly verifiable as authentic. The simplest example would be simply a print of the address itself - all one would need to do is look it up to verify that that is the correct picture. Is that possible?,2021-02-27 21:59:43,1,7k3f0,NFT,0.8334,very positive
CryptoInvestNFT,"Im just getting involved in NFTS. 
My take so far is to not invest in collections that have been around for a while because most of them are over inflated. Im paying attention to Collections that seem well put together and have a good plan.  Too many of them are playing off crypto punks or riding the coat tails of pop culture. Or theyre are too many that are just dumb art. I dont think those will last. 
Besides CryptoPunks so far I think HashMasks, CannaPals, and Rude Boys look good.",2021-02-28 04:26:28,1,a0ge0jjw,NFT,0.34,somewhat positive
kwinz,Is an NFT ownership a proof of ownership of the copyright of the work? Or is an NFT ownership a proof of an (exclusive?) license to use a copy of the work? Or is either possible? I still haven't figured it out.,2021-02-28 04:42:20,1,mtl12,NFT,0.3527,somewhat positive
wayanonforthis,If I buy an image NFT am I allowed to print it and hang it on my wall?  What stops me printing multiple copies and selling them (either as the artist's work or even putting my name to it?)  If I am the creator of the work how can I stop this happening?,2021-02-28 07:27:57,1,5uom8,NFT,-0.5171,very negative
4thmode,"Thank you so much! As somebody totally fresh in this subject, I have some questions.

1 - If I have content available on Instagram, am I still legally able to sell them as NFT's? I probably would need to delete the content I have on my social media, right? 

2 - Seems like I can have many copies without the NFT ""signature"" on them because what gives value to the art is not the art itself but the fact of being an NFT. Is that right?

3 - If that's not the case, and I can't have copies of my art without being an NFT spread through the internet, how can people know that?",2021-02-28 15:38:54,1,amcf14x9,NFT,0.7542,very positive
frickfinley,"I am a photographer and heavily interested in this realm, has anybody else tried selling their photos? How did it go?",2021-03-01 04:50:51,1,326rd84o,NFT,0.4696,somewhat positive
Pretend-Ad-6734,"Yes please I haven't been able to sell any of my NFTs because I guess there soooo last year or something and I now see most NFTS that sell more then likely the picture moves may you please help me out and tell me what programs or apps are mostly being used to make the current hottest NFTS... I would like to even try and make some kind of passive income and not for nothing you NFT is so simple but so originally unique its fkn awsome!! I'm actually a tattoo artist so I know how to make art but not the kind people want to own and collect with value I guess because NFTS are upgrading everyday and I cant find the programs to help me get from behind even for atleast 1 creation! @everyone may someone please help and thanks so much for the article 1000, ,better explained then I myself could have ever done it!",2021-03-01 16:51:31,1,ag9yrcqv,NFT,0.9808,very positive
the_starship,"Is it possible that video games themselves can be an NFT? Like currently if I have a digital copy of Celeste, I just own a license. But can it be NFT or would it be too hard to make enough copies for it to be worth while (and have the gamer trade their digital games?)",2021-03-01 18:25:24,1,fp6gk,NFT,0.4329,somewhat positive
mercedesdude,"A nubie question about NFTs: Can an artist sell an NFT created from handcrafted artwork depicting characters from a well know movie franchise to appeal to fans? or will there be copyright concerns even though its original artwork done in paint or pastels, hand drawn renderings and illustrations etc.  ?",2021-03-01 19:13:25,1,acgouqh2,NFT,0.8385,very positive
jellysart,Hey guys. Noob question. I made a totoro fan art and working on a new fan art. Am I allow to post it as NFT or IP don't allow it ? https://www.instagram.com/p/BqswoARgtyh/?igshid=n9lw8jrfcg9t my totoro fan art,2021-03-01 21:56:48,1,42anxan5,NFT,0.7426,very positive
Solace-001,Are there any free stores? Or do you have to pay to create your own store first,2021-03-02 02:42:22,1,453fg9t2,NFT,0.6124,very positive
brendroid,"I have some questions about NFTs as a content creator.

1. What would happen if I upload my creation to social media then sell it to a bidder after?
2. Can I do anything with my art after I have sold it?
3. Since it is digital, how is it possible for the NFT to stay unique? Is it a technical thing?",2021-03-02 15:00:57,1,1ii1t2mg,NFT,0.4696,somewhat positive
screenagersdesign,Great post! This article is worth reading  Do also check Quick Guide To Nfts :[https://www.reddit.com/r/PandoraProtocol/comments/lqxgjv/a\_quick\_guide\_to\_nfts/?utm\_source=share&utm\_medium=web2x&context=3](https://www.reddit.com/r/PandoraProtocol/comments/lqxgjv/a_quick_guide_to_nfts/?utm_source=share&utm_medium=web2x&context=3),2021-03-02 18:47:42,1,5x92l2yd,NFT,0.7685,very positive
Foundation_Logical,Which NFTs are on Coinbase,2021-03-02 20:28:09,1,7gbddyqo,NFT,0.0,neutral
LunarMacizm,Heard of NFT whiles back and after reading this Im ready to get started!,2021-03-02 20:56:15,1,a4h5xpxk,NFT,0.4199,somewhat positive
Haha-poker,"Im not seeing the utility as described? It sounds like a NFT is just a signed copy of art that can be linked back to the artist. If thats the case, isnt the value of an NFT, to allow artist to sell multiple versions of their work to a mass of people while a still being able to prove that its their work (and get paid fairly)? Someone help me understand what Im missing?",2021-03-03 01:23:32,1,9xia41lo,NFT,0.5274,very positive
heeooii,"i see a listing for a pokemon card 'blastoise first edition psa 9', im just wondering how this actually works. Like are they selling the actual physical product as an NFT, so if someone was to purchase it, it would be delivered to them?",2021-03-03 03:40:39,1,57petn3n,NFT,0.3612,somewhat positive
sassyover123,What about real art? Can you sell like a picture of it? And then do you just ship it out or do you keep your original artwork?,2021-03-03 10:33:24,1,90gey3gb,NFT,0.6531,very positive
PeteKirtley,Hey there. Is there anyone here providing answers to some questions I have on NFTs and commissions ?  Thanks,2021-03-03 15:17:06,1,a3fl4cyd,NFT,0.4404,somewhat positive
IndependentDiver952,"Maybe I didn't see it in the comments and I dont know if I'm even asking the question correctly, so bare with me (a newbie to this world)...

An artist creates ""digital art"" that is one unique design. Can the artist sell just 10 copies of that one design?",2021-03-03 16:49:32,1,78ejcxjh,NFT,0.2732,somewhat positive
founderathome,Great summary! Thank you for sharing!,2021-03-03 20:07:11,1,9ngu437v,NFT,0.8745,very positive
Elbrenderino,"If I choose to post the link to my NFT on reddit, am I exposing it to view only or also info about myself? I want to show off a purchase but am brand new to this. Thanks",2021-03-03 20:54:08,1,5fqqw9vl,NFT,0.6325,very positive
unibathbomber,Total newb here. Does anyone know how one can become an artist that can sell on Foundation? Any help much appreciated.,2021-03-04 02:42:34,1,5zc7rpar,NFT,0.7184,very positive
pierogis-live,"If a minting platform takes the money and runs, how does anyone know what file your token points to? And where is it stored?",2021-03-04 17:04:04,1,8yo8looj,NFT,0.0,neutral
Consistent_Bat4586,"What are the top NFT Utility Tokens?  I've already picked up some $WAXP and $OMI  
What are the other ecosystems y'all would recommend?",2021-03-04 20:23:13,1,8gp4a6ae,NFT,0.5661,very positive
RuneShiStorm,Can I sell a game that has already been released on other platforms? Or do I have to make it different in some way to make in uniqe/exclusive?,2021-03-05 01:55:20,1,6zghte5s,NFT,0.0,neutral
Baddiedi3000,"Okay so now I have questions after trying to wrap my head around all of this. On platforms like Tik Tok or Youtube, creators like Colleen Ballinger made the character Miranda Sings who became wildly popular and had a bunch of endorsements... what if she had posted that character on one of these platforms as an NFT? Would that be something worth buying into before she became super famous? And could that purchase be equity in the character?",2021-03-05 02:21:31,1,ap14o43u,NFT,0.933,very positive
_j_pow_,New guy here.  I do glassblowing/painting/visual art.  How do i get into the NFT world with that?  Or does it only work with digital art?,2021-03-05 03:28:29,1,m6y2w,NFT,0.0,neutral
Sarahhjoooo,"NFTs are definitely the future! For those interested Ive just created a group for all the latest updates 
Facebook Groups (https://www.facebook.com/groups/421091635854220/)",2021-03-05 08:31:59,1,apvj47w2,NFT,0.7712,very positive
RobertCutter," I have several questions.png 

1. What happens if one of those NFT marketplaces goes bankrupt? For example if I would put my stuff on opensea and that site shuts down someday. 

2. How has the experience been for artists who are not famous like beeble? 

3. Can NFTS that were created on opensea traded on Superrare since they are all on the same blockchain? 

4. What stops people from stealing somebodys work to just put it online and pretend its theirs?",2021-03-05 08:37:39,1,3b5kx6he,NFT,-0.8852,very negative
Gloomy_Veterinarian8,"I think eventually there will be things to fill up certain gaps. Products and other services to verify your NFT and store it beyond the platforms lifespan. Like an NFT box or wallet or thing. Interesting times! 

Im a amateur musician and as Im excited about this tech, it might only be an addition to my income streams and might not replace existing ones (as small as they are) at least for next couple of years.",2021-03-05 11:47:07,1,4qhyqese,NFT,0.8398,very positive
LucidCiC,"https://app.rarible.com/token/0xd07dc4262bcdbf85190c01c996b4c06a461d2430:209883:0x97731141adb595a344805addedd95304cb29b7a2
Check out mine",2021-03-05 16:36:06,1,a4yvbzve,NFT,0.0,neutral
Jasdavi," Hello I've noticed the huge boom in NFT trading and digital artists jumping on and selling their work by converting them into NFTs (not sure if this correctly describing it), and I'm just wondering how does someone start by doing this? I am a digital artist and the idea of selling work in any tip of digital form that isn't a commission is just mind blowing to me. With the rise of crypto art it looks like artists like myself who didn't think their work could be sold, finally have a chance to get out there and ""make it"".

I'm just wondering how does someone start? It really seems like you have to have an in to be invited by someone on platforms or apply and hope for the best?

If possible I would love some guidance, really would love to try to get into this!",2021-03-05 17:26:10,1,26toqeua,NFT,0.9793,very positive
natty_peche,Could an artist sell an artwork as an NFT if it is already posted on their social media or perhaps used on merchandise for sale? Or does the artwork have to be original/unused prior to minting it? Apologies if this is a stupid question :),2021-03-05 22:06:50,1,3tcp8qm7,NFT,-0.1926,somewhat negative
Farangsayt,There is NFTs artwork that are made of pixel so what a 8mega pixel version will do unless you give the png,2021-03-06 06:56:47,1,2i1ptjrh,NFT,0.0,neutral
kolormore,Are artists including rights to reproduction?,2021-03-06 14:48:44,1,p2m2o4d,NFT,0.0,neutral
crisperstorm,I almost want to make an NFT but also it looks pricy to make one and I doubt I'd make the money back. At best I can make some simple abstract art and I'm not sure anyone would be interested,2021-03-07 18:04:19,1,gmu52,NFT,0.6869,very positive
No-Promotion-6143,What NFT do you think is worth buying?,2021-03-08 11:22:27,1,a1b5ub17,NFT,0.2263,somewhat positive
tsafa88,Anybody know what are the best options for playing with NFTs on test net?,2021-03-08 14:34:32,1,52qndydz,NFT,0.7184,very positive
Santamatrix,Which place is best to buy sport cards?,2021-03-08 22:14:17,1,310zid94,NFT,0.6369,very positive
Frequent-Beginning-4,"https://opensea.io/assets/0x495f947276749ce646f68ac8c248420045cb7b5e/61955723432266316220788940743080113607378547522930916744509838327115033870337 

This one's valuable! Holy shit !",2021-03-10 09:06:49,1,7yaaxodt,NFT,-0.2695,somewhat negative
gillepils,"[https://arkane.network](https://arkane.network) also allows you to mint NFTs via an API, which makes it easy to integrate it into games. NFTs can be minted on Ethereum, Matic and Binance for now, Avalanche coming soon.

There is also an NFT market: https://arkane.market",2021-03-10 13:59:38,1,a8j21,NFT,0.4404,somewhat positive
IrishScotty32,"Hi everyone, I'm just looking for some advice. I don't have any idea about graphic or digital design. Still, I really want to start creating NFTs, and I have loads of ideas I would love to do. I'm just wondering how I would go about getting someone to design my thoughts. Obviously, I would pay them, but how would I copyright the concept? For instance, how would I know they hadn't already minted my idea on the blockchain after they designed it for me? I'm pretty new to all this, but I feel very excited about the world of NFTs. Any advice would be very much appreciated.",2021-03-10 17:55:51,1,afk0wmrw,NFT,0.9543,very positive
tinytempo,"How successful have photo NFTs been?  


 I see a lot of moving digital art, but what about good ol' fashioned photographic images? Thanks",2021-03-11 11:45:38,1,f6etm,NFT,0.8875,very positive
qabadai,I wonder how some of these people are determining price. I see so many with 0 offers and reserve prices between $200-1800 and no history of sales.,2021-03-11 14:09:56,1,rull0,NFT,-0.296,somewhat negative
Beans-The-Jackchi,Guys can you ask your girlfriends boyfriend if its alright to look at my art please? https://guidotakespictures.com/#/516551/,2021-03-12 00:47:27,1,5ungnjf6,NFT,0.5106,very positive
420AlexWeeD420,But can it dunk tho?,2021-03-12 03:13:46,1,7t9snnf,NFT,0.0,neutral
thundergoose2020,"For anyone who thinks the gas fees on Ethereum based platforms is too high then I made some videos on how to use my favorite blockchain for NFTs which is the Wax blockchain.  I have tried so many of them by far Wax is my favorite.   


First you will need to create a Wax Cloud Wallet [https://youtu.be/e\_PFBldS0Qo](https://youtu.be/e_PFBldS0Qo)  


How to Mint NFTs on Atomic Hub (Way cheaper than ETH platforms)   
[https://youtu.be/-Qv9Sk-YNjM](https://youtu.be/-Qv9Sk-YNjM)",2021-03-12 04:25:29,1,6io3kv6c,NFT,0.7964,very positive
pewdiepieobama,Okay but whats the point? If you can own the exact same thing but for free why would u throw thousands of dollars away? I cant comprehend it,2021-03-12 04:54:38,1,9h0i8cuh,NFT,0.7399,very positive
pinacoladaiced,"1/ is a nft a smart contract? Or trade nft can have different contracts?
2/ smart contracts are attached to every trade/transaction? 
3/ many can use the same smart contracts, or unless you have to do some complex deals? Aka customized triggers?
4/ how come crypto kitties changes when u transact, but nft arts doesnt?(or it does?) like beetles for example.
5/ etherum is a giant App Store with their own store credits(ether) and cryptokitties are one of their apps? Whats the relationship between etherum and marketplace? Is marketplace an app on top of etherum platform? Kind of like an ecom app(amazon lets say)that you can download from an App Store?
6/ whats the difference between flow or etherum? Is flow docked on etherum or just another platform completely? 
7/ is a token a cryptocurrency? Is a token a smart contract?
8/why can you mine coins? Is it because there are many undiscovered?",2021-03-12 08:38:59,1,5ydfcz0e,NFT,0.9462,very positive
sadgirl45,Hi I had a question can a Twitter dm become an NFT?,2021-03-12 09:29:47,1,13nzqp,NFT,0.0,neutral
sadgirl45,And who owns the dm?,2021-03-12 09:30:05,1,13nzqp,NFT,0.0,neutral
Competitive-Dot-3333,"Pity all these websites are already overloaded with a lot of trash.  Giant trash pile with some art in between...Combining NFT tokens of ownership with real artworks seems to be something interesting for the future.

I tried a couple of sites, but Mintable seems the best option at the moment, no fees and fast: [https://mintable.app/u/1bit](https://mintable.app/u/1bit)",2021-03-12 11:56:46,1,6h06q9n7,NFT,0.6428,very positive
Seisachthia,"This sounds like a convoluted way to sell copyrights, typically digital copyrights. Why not just call it a digital copyright? How does one use crypto technology on a copyright? The whole point of a copyright is to secure a guarantee from a government that has monopoly use of coercive force on its populous that it will not allow anyone to use or otherwise profit from the intellectual property you create, or in this case purchase without the owners permission. That guarantee is only as good as long that that government says its good. How does crypto achieve that guarantee? Crypto technology cannot arrest people when they violate copyrights?",2021-03-12 12:50:11,1,112wrs,NFT,0.9644,very positive
kycat11,Thank you for this,2021-03-12 15:07:10,1,94mnqd7k,NFT,0.3612,somewhat positive
CoatiFinancial,"Hi everyone! 
Is it possible to mint a file in mintable and sell it on another platform?
What is the difference between minting in rarible and minting in mintable? Just the size of the fees?",2021-03-12 15:32:37,1,a3dwnhu5,NFT,0.0,neutral
fircx,How can I sell real physical painting using NFT?,2021-03-12 19:36:50,1,c0w22,NFT,0.0,neutral
Deltre_,Once you guys have the basics reach out to professionals that know how to get you into the space. Superfarm is that company and their coin SUPER is exploding right now!,2021-03-12 22:39:11,1,9znzxjst,NFT,0.7206,very positive
timdavidmz,How ecologically sustainable is Mintable compared to the other platforms?,2021-03-13 02:13:15,1,a1prozp9,NFT,0.0,neutral
JEGIZNICEE,"Hey Famalee. I was wondering if anyone could provide me some direction in getting my Artists music sold on a Mintable or Open Sea.  Which one is the best?
Whats the first step in setting it up?
Thanks a Billlion in advance",2021-03-13 05:06:01,1,aqr0rewp,NFT,0.8156,very positive
DVrij,"My nft on Mintable is stuck on 'verifying your upload'

How long should this take?",2021-03-13 09:22:55,1,107qqv,NFT,-0.25,somewhat negative
alnitak35,"Everyone is a genius during the bull run and all kinds of scams come out during the euphoria to take money from idiots.

Many people who are so bullish about NFTs or any other garbage right now will act like they have never heard of it after the bull market is over. 

Do you know how I'm so sure? Because that's happened after the bull run in 2017. Most of the scams and their enablers just went radio silent after the crash. 

No this time isn't different and no we are not in a new paradigm.",2021-03-13 09:31:38,1,3csw5sro,NFT,-0.2696,somewhat negative
goodbeginnings,How long does it usually take to make a sale? And is it easy to get your art discovered?,2021-03-13 10:46:08,1,2upjofn,NFT,0.504,very positive
shredder_rat,"NFTs are getting crazy, have you seen the Numa Numa Dance vid up? https://opensea.io/collection/gman250",2021-03-13 12:49:42,1,4xp88q6p,NFT,-0.34,somewhat negative
Inquisitive1313,Can people just post images/pictures abd sell them?,2021-03-13 14:06:42,1,avv14zuz,NFT,0.0,neutral
Mochi_mami,Hi guys! Happy to be in this group. We are building a new exciting Nft product.,2021-03-13 19:28:35,1,aw19zhw4,NFT,0.8016,very positive
android_69,Can't someone change one pixel of an artpiece and then NFT it?,2021-03-13 22:16:37,1,8wdzz,NFT,0.0,neutral
iCoinnn,I just tried to mint a NFT on rarible. The gas cost is about 0.34 Eth that is almost $700. I was thinking to sell it for $100 to test the market. What do you people do with high gas fee and not knowing how much you can get from minting your NFT from your artwork?,2021-03-14 02:26:30,1,cqihsxk,NFT,0.0,neutral
kirin1905,"Lets say I own an NBA Top Shot NFT. Can I view that NFT picture/gif on other sites? Is there a universal place I can view the gif, or is it just displayed as a token id? 


If I create an NFT on Opensea, can someone from rarible buy it?",2021-03-14 04:12:54,1,bc8if,NFT,0.533,very positive
kirin1905,Last question: What stops someone from creating actual pokemon cards as NFT and selling them? Would they get in trouble from the Pokemon company? But crypto is decentralized so its not regulated?,2021-03-14 04:14:24,1,bc8if,NFT,-0.2709,somewhat negative
aryll44,"If I sell an NFT can I still make merch of that piece? (aka prints, stickers, t-shirts etc.)",2021-03-14 04:25:32,1,wnrcl,NFT,0.0,neutral
toxic12093ureta,What stops me from copying videos from a movie and creating an nft out of em?,2021-03-14 06:27:50,1,4le7yt5r,NFT,0.1531,somewhat positive
GoldenExperience2,"So I'm a starting artist and I'll like to sell some drawings of mine that will be card-like, just as Magic or Yu Gi Oh, but all of this is really new to me and a little bit more of help could be very useful. I alredy read all but Im still confused. Maybe bcs its too late here, I'll read it again tomorrow:D",2021-03-14 11:49:40,1,3kv2y3k7,NFT,0.7939,very positive
Bat858,"Is that kind of work may be considered as a NFT?

https://opensea.io/assets/0x495f947276749ce646f68ac8c248420045cb7b5e/2384857830961243004359957817368892939167174261875409875411988850042587840513",2021-03-14 12:12:54,1,ab8s6q9d,NFT,0.0,neutral
darling_015,Bondly and opensea has a crypto token??,2021-03-14 16:36:54,1,8qn565ne,NFT,0.0,neutral
samhickmann,Can someone explain why minting an NFT on Mintable is totally free but cost $75 in gas on OpenSea?,2021-03-14 17:32:43,1,j9mhj,NFT,0.3174,somewhat positive
6295,"How do NFTs work with famous works of art or peoples likeness? If someone creates an NFT of a famous painting and they are not the artist, how does that work? If someone creates and NFT of the Mona Lisa, can someone come after the creator or the current owner for it? 
I would love to have a collection of art that I enjoy but I dont want to buy something and later be litigated in some way because I purchased something that someone else owned or owns copyright to. And with artists who are still alive and creating content, I wouldnt want to buy an NFT that never financially benefited them because someone took it from their social media or snapped a picture at a gallery.",2021-03-14 17:50:46,1,ytk7y,NFT,0.8509,very positive
mrextra11,Very helpful!,2021-03-14 18:13:11,1,93sqybw7,NFT,0.5244,very positive
toscanotto,"As per your experience, if you're a new content creator (digital artist, illustrator, 3D modeller) without a huge fanbase, **which combination of key factors are more likely to make your NFTs desirable?** Have you ever seen visual/stylistic patterns often recurring?",2021-03-14 20:14:13,1,9ggc2e2i,NFT,0.1774,somewhat positive
Influencedby,"Check out this new NFT 

https://rarible.com/token/0x60f80121c31a0d46b5279700f9df786054aa5ee5:439177:0xb70c5ac3bc6e7c99bcf9f7e557a04865711cd8fd",2021-03-14 22:38:36,1,awtlpzqk,NFT,0.0,neutral
Soft-Brush5126,"The NFT Alphabet is available at (https://opensea.io/assets/the-nft-alphabet)

You can buy T,E,S,L,A for $84 each (or all of them for $420).  'B' goes to auction in 2 days!  26 items only in this collection",2021-03-15 00:57:17,1,8q2hb82a,NFT,0.0,neutral
jackybeeblebrox,"I wrote an article about how the framework for NFTs in the art space will be expanded into other industries and disrupt modern businesses. Let me know what you think!

[https://wilybobolink.substack.com/p/the-digitization-of-ownership](https://wilybobolink.substack.com/p/the-digitization-of-ownership)",2021-03-15 15:51:58,1,33bl3h6x,NFT,0.0,neutral
MrAngryBeards,"So by now I can't be the only one that saw many people mentioning how NFTs can be harmful to the environment. But I'm reluctant as I couldn't find any source explaining how is the carbon footprint of an ETH transaction even measured/estimated, let alone many articles have massively disparities in their measurements/estimates.

It all just smells like someone somewhere don't want digital art to be highly profitable, but that is borderline conspiration and I'd much prefer to get some better quality info on this matter. So I got a couple of questions.

1. Is the environmental impact of NFTs really that big?

2. How do we measure/estimate it?",2021-03-15 17:26:28,1,7m65o,NFT,0.8227,very positive
mrcelophane,"I have a lot of questions about NFT in general and also have an idea of one/a collection I could create. However I want to know about the legal ramifications and the best way to accomplish what I want (I am a software engineer by trade and have an idea of things/websites around it but am still fuzzy on Crypto and NFT). 

Is there anyone here that wouldn't mind taking me under their wing?",2021-03-16 21:42:39,1,acbuq,NFT,0.6808,very positive
TheMarketBuzz,"Thanks for the breakdown, I really was looking for think kind of info.",2021-03-17 15:58:59,1,9om436bn,NFT,0.4404,somewhat positive
Art_of_Selene,Can someone bless me with an invite for the foundation app  Im ready to submit my first Nft just need an invite.,2021-03-17 22:46:49,1,a0uetiem,NFT,0.7579,very positive
GooGadget,"Hey, what up, u/MintableOfficial

 First, I'd like to give props and say thanks on the amazing DD you provided in this post. Very helpful, thank you. Second, I'm new to NFT and this sub and am still learning. That being stated, I have a few questions and scenarios that will not only be helpful to myself,  but may even coin some answers for others. 

1)  If NFT is a digitally modified picture of a photo taken or drawn personally by me w/ original photo or drawing in my possession,  would that increase value? 

I have NFT's of images that I have personally photographed and/ or drawn myself that have been digitally modified and enhanced that I have in my possession.  

2) Do NFT's with self produced soundtracks w/ original audio files add to value? 

I have NFT's with self produced soundtracks with original audio files in my possession. 

3) If buyer is interested, would sending said original photographed photos and/or drawings through mail or sending compressed audio files separately as added bonus be a bad idea? 

I was thinking I would send original photos,  drawings,  and/or soundtracks to heighten the buyers satisfaction and personal experience. 

4)Do you personally think that's a good idea? 

You've obviously got some skin in this game, so I'd like to get your  input and hear your personal thoughts on this. 

Thanks again.",2021-03-18 01:20:59,1,70fct0sw,NFT,0.9937,very positive
EdithRojo,Can I mint an NFT of a cartoon image I do not own the rights? (Eg Hannah barberas scooby doo image),2021-03-18 01:23:23,1,ae98mtz2,NFT,0.0,neutral
okaymoose,So how much does it cost to create a token? Including what I need to create an ethereum wallet?,2021-03-18 01:33:17,1,13w2gn,NFT,0.5514,very positive
atycrz,"Im just learning more about the topic and I was really curious, can NFTs be used by a physical creator (say a furniture maker)? Ive seen QR codes on Nifty NFT frames, but cant each physical item have a printed QR code linking to its signed certificate on the blockchain?",2021-03-18 03:18:43,1,2qq8gvgw,NFT,0.46,somewhat positive
madad123,"I've been considering recording some live drum samples and getting an NFT library together of these for producers to use. The only thinig is, I don't really understand why people would buy them? When I hear about NFTs that are being sold, I tend to understand the impulse to buy as a recognition of the authors fame or brand recognition, and the understanding that the token will appreciate in value over time. Essentially these NFT sellers are monetizing their own fame. Would people who are completely unknown be able to actually make money this way by selling infinitely reproducable digital assets?",2021-03-18 11:43:00,1,ewga1,NFT,0.8992,very positive
goodfellah101," What I don't get, who would pay these ethers for this ""art work""?

F.e.: [https://opensea.io/collection/d9eth-art-the-first-pixel](https://opensea.io/collection/d9eth-art-the-first-pixel) is being sold for 0.01 ETH, but basically it's nothing more than just a dot. So this is something that just nobody will ever buy...",2021-03-18 12:26:16,1,48cm1jh1,NFT,-0.0516,neutral
HotHousePie,$TKAT,2021-03-18 20:17:06,1,a6evj4mc,NFT,0.0,neutral
knapper696969,"can yall checkout my post on my first nft and leave some criticism 

&#x200B;

&#x200B;

lets nft",2021-03-18 23:46:15,1,6lq5uofk,NFT,-0.4767,somewhat negative
Howling929,"So....ya, I'll be the one to say this.
Has..has anyone told the porn industry about NFT's or where ""Digital Art"" is currently going??",2021-03-19 03:54:07,1,abw22n0q,NFT,0.0,neutral
conspiracycatz,Gas fee for creating a store is now about $776,2021-03-19 04:33:02,1,52ozm3c5,NFT,0.296,somewhat positive
LeulRomanesc,Can someone help me with an invite on Foundation App? Thanks!,2021-03-19 08:19:35,1,49lpqek2,NFT,0.7574,very positive
BobGnarlie,"I attempted to create a store in mintable yesterday and almost paid over $800 in ETH to add to the block chain! Thank goodness I did not have sufficient funds so the transaction was cancelled. Is there some way to find out how much the transaction cost will be before clicking the create button?   It is there a time of day or day of week that has less traffic, less fees for creation?",2021-03-19 12:38:06,1,idamz,NFT,0.7421,very positive
GrasshopperHaiku,"Do you know much about how different cryptowallets interact? Especially those connected to NFT sites like Opensea? For example. I found it interesting that Opensea asks for a wallet address to send payment to, despite already being connected to Opensea through a wallet for purposes of listing and selling. So can you put a different wallet address for accepting payment to than the one you use to list the items for sale?",2021-03-19 15:29:20,1,awu7q44i,NFT,0.8095,very positive
wtoisb,"Speaking of legality, what about Mike Deodato selling really great drawings/images of Marvel characters that (I assume) he drew himself, whether he was working at Marvel at the time or not.

Would Marvel win if they sued him?   If you bought one from Deodato, and Marvel sues Deodato and wins, what happens to your NFT and the funds you spent?   Can Marvel come after the secondary market winners?   If your ownership is etched in blockchain, then they can find out who owns it.",2021-03-19 18:35:52,1,10t8iy,NFT,0.9554,very positive
HOLDthisLINE,"I am an artist who has created a few NFTs recently (haven't sold any yet). I now have an idea for a series of NFT artworks. Are there are advantages to minting a 'collection' in Rarible vs. just putting the artworks on my normal verified Rarible page? It appears that creating a 'collection' can cost $1,000-$2,000. Also, if I did decide to not put them in a collection now, would it cost gas money later to 'transfer' (is that the correct way?) them to the collection if I decide to do it later? Thanks in advance!!",2021-03-19 21:37:03,1,4h8irilz,NFT,0.8665,very positive
jsza87,What do yall think of HOFV as an NFT play?,2021-03-19 21:55:31,1,2aaqcgc7,NFT,0.34,somewhat positive
limitlessjan,So you create digital art on anther platform then upload it to your own store and sell it? Im kinda still trying to understand,2021-03-20 02:44:36,1,1463w1,NFT,0.3353,somewhat positive
AsleepSatisfaction0,"I joined a discord server and the admin gave me an invite for an NFT platform

[https://egorithms.com/what-does-nft-mean-the-token-explained/](https://egorithms.com/what-does-nft-mean-the-token-explained/)

Still not sure how to create an nft art piece.... Anyone? Know?",2021-03-20 08:22:30,1,1tznz91l,NFT,-0.323,somewhat negative
Particular_Account_2,Can the same underlying asset be minted as different nfts on different blockchains?,2021-03-20 17:38:54,1,63xwhg8j,NFT,0.3612,somewhat positive
maxbergheim,"Digital uniqueness can be guaranteed by blockchain technology, but not everything operates based on a blockchain in the world, so if it used outside of it there is still need for legal laws to be able to protect your IP. (I saw elon musk, who was joking obviously, selling his tweet, but lets say he done something like that, anybody can copy paste his tweet so he still needs legal laws to prove anything).",2021-03-20 17:39:55,1,64800hsg,NFT,0.8885,very positive
g7gg77,"need some help with posting my nft on opensea.

the price of the nft does not show up...",2021-03-20 22:31:24,1,b0ibxskk,NFT,0.4019,somewhat positive
kvltovkristofer,"Question; as a traditional artist, learning about NFTs via crypto, and learning digital art, what are the specs on NFTs, such as resolution? Are they usually 300dpi, 72dpi? I cant seem to find this info anywhere. And does anyone know of a place that talks about the technical side, such as sizes? Thanks.",2021-03-21 07:49:34,1,a0v96cdi,NFT,0.533,very positive
Noyanozlu,This was delicious,2021-03-21 18:09:45,1,b1u15ur1,NFT,0.5719,very positive
Ben-Swole-O,"I love this person. Made my first portfolio this weekend and its all due to this blog.

Heres my portfolio thus far to prove how easy it is to follow these steps :

https://mintable.app/u/darvillionaire

This literally took me 2 days when Ive been trying to find out how to mint the last 2 weeks!!",2021-03-21 20:14:54,1,69vy7wfz,NFT,0.8264,very positive
malooch,"[https://youtu.be/CsVTClcxe-8](https://youtu.be/CsVTClcxe-8)

this guy gets NFT's",2021-03-21 21:23:09,1,9ef52h1z,NFT,0.0,neutral
jrf1,"I have a never seen before photo of Elvis Presley. Would this make a good NFT? My dad was/is a huge Elvis fan. When he was a kid a family friend, who was a professional photographer who took the photo of Elvis backstage in 1956 when he came to perform in Philadelphia. He gave it to my dad.  Its an awesome photo and I've scoured the net (several times) looking for the photo and have never found it. Ive been trying to figure out what to do with it and am wondering if an NFT makes sense. Thoughts anyone?",2021-03-21 22:10:34,1,7gy59,NFT,0.9344,very positive
Pelle-31,"I read Elon Musks could have sold his tweet NFT for over a million $$.  If he spunked into a jar and said he was going to make his sperm a NFT.  What is that worth? You could possibly produce the next genius.   WAFE UP PEOPLE, this is stupid !!  .... is this world we live in?  
Never mind , Ill just take some hair and clone him.  NFT , Elon Musk hair.  How much idiots ?",2021-03-22 02:42:16,1,15me15,NFT,-0.3164,somewhat negative
jst_jck,I just want this shit to stop.,2021-03-22 11:03:46,1,8p59ezc2,NFT,-0.7311,very negative
sophiaisone,Check out my NFT art! https://rarible.com/sophiaisone,2021-03-22 19:10:16,1,2qnq04,NFT,0.0,neutral
ardevd,"So for a painter who's used to putting their work in galleries, what would be the most sensible way to approach the NFT space. Digitize a painting, selling it as an NFT and shredding the original, or selling them both separately? Or something else?",2021-03-23 09:39:52,1,2qfqjnj,NFT,0.3939,somewhat positive
pandaSmore,What does fungible mean?,2021-03-23 18:45:32,1,281nn,NFT,0.0,neutral
Superdotcom,"This is an example of a NFT https://opensea.io/assets/0x495f947276749ce646f68ac8c248420045cb7b5e/51974546984573551324928511781181350803095001671460969681889921272423987019777   
Someone Just sold CHEAP copy of this for 100 ETH",2021-03-23 19:36:16,1,5d1q4vtk,NFT,0.0,neutral
thegooddocgonzo,Thank you for putting the effort in to do this write up. Most of the research Ive put in has come up with material that is too dumbed down or way too technical. Yr summary sits really nicely in the middle and helps a lot.,2021-03-07 05:21:53,209,662i2,CryptoCurrency,0.7089,very positive
CrzyJek,"$2.5M for Jack Dorsey's first Tweet.

The fuck is wrong with the world.",2021-03-07 05:52:09,777,62tat,CryptoCurrency,-0.765,very negative
Joseph_Fidler_Walsh,NFTs will definitely have their place. I can imagine games like GTA having NFT in game items like cars and buildings.,2021-03-07 05:30:15,119,24i1hjx5,CryptoCurrency,0.7717,very positive
malicemizer,Ur gonna be mad jelly when you put on ur Google glasses in my house and I have Jack's first tweet over my mantel,2021-03-07 05:18:53,203,7yz8k,CryptoCurrency,-0.4939,somewhat negative
reaper0ne,"Great write-up! 
You should make an NFT out of it and auction it for moons!",2021-03-07 05:42:03,50,wcnks9z,CryptoCurrency,0.6892,very positive
IHaventEvenGotADog,"I was just about to google what in the fuck is NFT.

But then I saw this post and now I dont have to look any further.

Thanks for posting, I got learnt.",2021-03-07 06:26:04,80,6d9c91be,CryptoCurrency,0.3818,somewhat positive
blind_shoemaker,"This hat on the internet you speak of, I must own it. I'm sure my wife would agree it's a 2nd mortage well spent.",2021-03-07 06:05:53,18,j2d8p,CryptoCurrency,0.7096,very positive
Burkewitz_Refuses,"Following Beeple and his artwork got me into NFTs. I didnt quite understand the value of what was being sold and re-sold, and have been wracking my brain to figure out why I should care or consider investing. One mans $150,000 animated gif with a digital COA is another mans animated gif he can see on Imgur or Giphy anytime he wants, right? Unless rights to the source material are included with the purchase, NFT art made (and continues to make) very little sense to me. 
 
Your explanation of NFTs value in terms of things like ticket sales and gaming makes way more sense, and it seems like a no-brainer thats where the real functionality will land once the craziness subsides. 
 
As for money laundering, thats kind of inherent in any collectible market. From 2010-2013 the vinyl market (specifically psychedelic records) saw auctions hit stunning highs that have never since been replicated. It took maybe five years for word to spread among the 1%ers in the community to learn it was all part of a Russian money laundering scheme. Thats just vinyl records. Im sure its the same across countless types of collectibles. 
 
Thanks for the write-up!",2021-03-07 10:06:39,17,9kq5n,CryptoCurrency,0.9498,very positive
Denace86,"Would this not be ideal for events such as concert/sports ticket? Proof of legitimacy as the source is publicly available, the ticket retailer could collect a royalty every time the ticket is scalped?",2021-03-07 07:42:54,33,2watkkt9,CryptoCurrency,-0.4829,somewhat negative
jp2188,Awesome write up! I have seen a lot about NFTs lately and this was a great quick deep dive,2021-03-07 05:23:32,14,zhfck,CryptoCurrency,0.8588,very positive
Helen666_Keller,I knew selling and album as an nft was bullshit lol.,2021-03-07 05:32:54,11,6zmztjqr,CryptoCurrency,-0.25,somewhat negative
SoToTheMoon,I'm afraid this is going to end up badly for so many people.,2021-03-08 02:47:02,9,f2jgd,CryptoCurrency,-0.4767,somewhat negative
TazeMyKids,NFTs will be great it will take years and years to work out the kinks and find real use cases,2021-03-07 05:58:02,16,9yodonhp,CryptoCurrency,0.6249,very positive
rashnull,Reminds me of the whole name a star scam! Essentially BS! They send you a certificate showing you they named the star after you or whatever name you wanted to give it. Amazing!,2021-03-07 09:18:16,8,a6lqu,CryptoCurrency,0.2444,somewhat positive
mreminemfan,"So if I understand this correctly, for example the Jack Dorsey 1# tweet NFT is basically a ETH token that has the URL to the tweet in it? That is it? 
If for some reason in the future the URL changes, the token is worthless?",2021-03-07 11:01:05,7,c7vc3,CryptoCurrency,-0.533,very negative
NecroTMa,"This post reminds me of when cryptocurrency was viewed as just ""some random numbers on the internet, its just scam yada yada"" :D",2021-03-07 11:40:36,6,huug2a0,CryptoCurrency,0.0857,neutral
nooonji,"I cannot stress how important this post has been to me. Ive been psyched about the possibility to start selling/curating art with the help of NFT but I always thought, foolishly I now realise, that you actually uploaded the art to the blockchain somehow. The fact youre basically selling a token with a link to an artwork seems... well like bullshit actually. I mean one point in investing in physical art is that its gonna LAST, which a random server just might not do. 

So yeah very good write up, and I still think NFTs are pretty interesting but maybe not as a way of trying to sell traditional digital art. 

Thank you!",2021-03-07 19:50:51,6,5tkr97j,CryptoCurrency,0.9589,very positive
mirza1h,"NFT will be the ICO of 2021 which means, it will stop this bullrun.  

Its snake oil outside of the gaming applications (which are very promising) 

When we try to solve problems that dont exist, we are knocking on bubble territory.

Everyone buying these currently is just looking to offload it to someone with a double price. It's perfect example of The Greater Fool Theory",2021-03-07 08:09:55,17,yp1n6,CryptoCurrency,0.4927,somewhat positive
blackrabbit2999,This is an incredible writeup I've learnt a lot thanks!,2021-03-07 05:36:25,6,5rmvs,CryptoCurrency,0.4926,somewhat positive
thegooddocgonzo,"In section 3, subsection 2:

>However, theres no reason you cant simply sell those ownership rights independent of the NFT in the future.

Are you saying the original seller of the NFT (the one you buy it from) could sell ownership twice - once through NFT and a second time through traditional channels? Wouldnt due diligence on the buyers part (ie making sure there were signed documents as well) prevent this from happening? Or am I missing something here?",2021-03-07 05:50:09,5,662i2,CryptoCurrency,0.4479,somewhat positive
pianoforte88,"Yes! Glad somebody wrote about this. when I read that a cryptokitty was sold for $170,000 at an NFT marketplace, I thought, what the hell has the world come to!",2021-03-07 08:16:06,5,7v2y5cl4,CryptoCurrency,0.1739,somewhat positive
lol_VEVO,NFT domains are a cool usage IMHO,2021-03-07 16:28:11,4,1zesimdw,CryptoCurrency,0.3182,somewhat positive
IHaventEvenGotADog,I'm so glad that memes got banned this weekend. This post would of definitely been buried by a hundred reposts last weekend.,2021-03-07 07:01:21,8,6d9c91be,CryptoCurrency,0.4576,somewhat positive
_GingerTea_,Very interest. Thanks for posting. Would love to read more of these regarding new crypto tech. ,2021-03-07 05:42:57,4,phr5yfq,CryptoCurrency,0.8927,very positive
KZIGGER,Good stuff. Thank you,2021-03-07 05:45:57,5,5dqdan2t,CryptoCurrency,0.6597,very positive
mcbergstedt,"That one dude sold the ""deal with it"" sunglasses meme rights as a NFT for like $5k

He didn't even make the meme he just hosted the site in the early 2000s that made it popular

They're the new pokemon card craze. People are just freaking out that logan paul sold 'x' for $10k. (also fun fact, logan paul probably used the same thing to fake several thousand in tax returns)",2021-03-07 08:05:19,4,8hycz,CryptoCurrency,0.2732,somewhat positive
Legitcoin,"So how does this benefit a band, like Kings of Leon? (Who are releasing their album as an NFT)",2021-03-07 09:12:03,4,7umoxyt9,CryptoCurrency,0.7184,very positive
azzofiga,"So NFT for art are the like sites selling you stars or plots on the moon.

You have something that says tou own it but you can't prove the owner sold it to tou and you can never really possess it.",2021-03-07 13:42:06,5,57ie59p,CryptoCurrency,0.1901,somewhat positive
SamZFury,"Out of all the things the Crypto world has come up with, NFT's are the most useless of them all. This will have it's hype cycle and fade into nothingness.",2021-03-07 08:58:42,6,i48v3zr,CryptoCurrency,-0.4754,somewhat negative
Flamingos_Go_Ha,"Yeah NFTs are a whirlwind. Finally got some artwork up, but it was an effort for sure.",2021-03-07 05:19:21,7,2ti6qduz,CryptoCurrency,0.5499,very positive
EyeStabber,"Nice job bro, I'll give you an award for what you are doing. Have a nice day sir.",2021-03-07 07:26:02,3,b4p1a,CryptoCurrency,0.8442,very positive
tim3k,"From Monero's point of view nearly every cryptocurrency on the market is, in fact, a NFT, since it has unique transaction history. Except XMR, obviously",2021-03-07 07:44:25,3,7prjp,CryptoCurrency,0.0,neutral
rookert42,"Totally something that GET Protocol is doing at the moment. They are already selling blockchain ticketing white label products since 2017, are looking into NFT tickets since 2020 and now switched to issuing ALL tickets to NFTs. This is not a proof of concept, thousands of tickets were sold this week for various concerts/livestreams in Europe. There is no other blockchain ticketing company in the world that has this much adoption and experience.",2021-03-07 08:50:04,3,ihu25b,CryptoCurrency,-0.296,somewhat negative
Digitaljehw,"I love that you wrote this up, growing up I had a mentor in the IT field we've kept in contact my entire career. Today i messaged him warning him of the dangers of this NFT craze and to tell his student's not to get caught up in the craze. in my eye's there F\*\*\*ing worthless. 

Maybe i'm just getting old and out of touch but, as a lover of Collectibles, Computers and Crypto i cannot in good faith get behind this sh\*t.",2021-03-07 07:42:09,5,45xcuk3h,CryptoCurrency,-0.3197,somewhat negative
Irora_Entertainment,"Agreed with all of your points, especially on Digital ticket sales, that is an area where NFT can really shine. Right now the GET Protocol which is a blockchain ticketing protocol is working on NFT tickets, each and every ticket that runs through the protocol will be an NFT, this provides a great way to prove authenticity and also really works to help them achieve the goal of creating a ticketing protocol that anyone can implement which eradicates ticket touting",2021-03-07 08:42:58,4,9e6hjqcz,CryptoCurrency,0.8646,very positive
the_edgy_avocado,"just going to drop this here:

[https://www.wired.com/story/nfts-hot-effect-earth-climate/](https://www.wired.com/story/nfts-hot-effect-earth-climate/)

and direct link to the website which calculates the absolute insane emissions of these NFTs taking into account transfers and many bids on some;

[http://cryptoart.wtf/#contract=0x3e4c19ea950f054618dc658e374a694a10548d11](http://cryptoart.wtf/#contract=0x3e4c19ea950f054618dc658e374a694a10548d11)

&#x200B;

the carbon dioxide emissions are off the scales for some of these 'rare' NFTs with multiple bids and swaps on them and make bitcoin transactions look 'green' in comparison. its insane the lengths people will go to to make money of this tech hype while simultaneously screwing the planet",2021-03-07 14:31:55,4,2mr734bq,CryptoCurrency,-0.8126,very negative
Mkou808,"This was really helpful to read through, thank you for the write up!",2021-03-07 06:17:27,2,10w999,CryptoCurrency,0.7082,very positive
Wonzky,Thanks for the write up! Any thoughts on where to find more information on NFT coins? I want to learn more about the NFT space but it just seems like they're popping out left and right and I can't seem to find decent news sources,2021-03-07 06:25:30,2,15g8bh,CryptoCurrency,0.685,very positive
backlit_silhouette,Thank you for this write up,2021-03-07 06:35:29,2,68zqt,CryptoCurrency,0.3612,somewhat positive
Hotdogbitchface,This has been a really helpful introduction to NFTs for morons like me that understood the very basics but not the implications and proper use cases. Thank you for the write-up!,2021-03-07 07:23:31,2,6vnri,CryptoCurrency,0.6896,very positive
feenchbarmaid0024,Where do you store them?,2021-03-07 08:35:37,2,5ipxrnm1,CryptoCurrency,0.0,neutral
Big_Life,I use Ethereum NFT to access my Urbit account.,2021-03-07 08:47:47,2,h9ibk,CryptoCurrency,0.0,neutral
alucardNloki,I read where NFT's will be used in the music industry as the master recording of songs. I can see where this is going to be awesome in some ways and used to take advantage of a lot people in other ways.,2021-03-07 09:59:52,2,5jqnabcz,CryptoCurrency,0.7269,very positive
helpamonkpls,How on earth did we go from wanting decentralized currency to centralizing the internet?,2021-03-07 10:39:49,2,6nzxn9rl,CryptoCurrency,0.0,neutral
jennifer1911,"This is a really good summary.  Ive been looking for something that describes NFTs concisely without getting into unnecessarily deep water.

I especially appreciate the analysis of the scam potential.

I do think NFTs are great for things like concert tickets and maybe textbooks.  All the rest feels a lot like Beanie Babies.",2021-03-07 11:33:43,2,ct41y,CryptoCurrency,0.8906,very positive
alky-holic,"Thanks for this, I've been hearing the term NFT thrown a lot the last few weeks.

I'm now enlightened yet still confused as shit. Haha.",2021-03-07 11:56:21,2,3uqpa,CryptoCurrency,0.4939,somewhat positive
ZioYuri78,"Thank you!
Now I really understood what they are, as a new ADA holdler (and new to crypto in general) I was wondering why the mary hard fork was so important.",2021-03-07 12:07:23,2,exhqm,CryptoCurrency,0.5801,very positive
RedEyedFreak,"Thanks for the writeup, just in time before I went deep googling",2021-03-07 12:11:56,2,5m0bq,CryptoCurrency,0.4404,somewhat positive
Productpusher,"Not sure what is the bigger scam the NFT prices or Pokmon prices .

seeing the early tik toks of the Pokmon and sports cards hauls and prices  I am determined there is a group or Entity dumping millions in marketing and millions in artificially inflating headlines with new records to get people addicted and they will ultimately be bag holders when there is a 5 -10 year stretch when prices drop like crazy .

They look like pure marketing campaigns and not organic . My gf is big in the social media industry so I see how many campaigns are paid
For but dont look like ads",2021-03-07 14:41:17,2,bffh2,CryptoCurrency,-0.6365,very negative
b0x3r_,Why cant NFTs be combined with smart contracts and digital signatures to prove the legal transfer of ownership? Why wouldnt the law (US law) recognize it as a contract?,2021-03-07 14:58:07,2,qdq59,CryptoCurrency,0.5514,very positive
MayorofJamCity,"$OMI has a pretty good use-case for NFT's through its VeVe app. Virtual collectibles with limited supplies. Partnered with DC, NFL, Cartoon Network, Capcom, Fast & Furious, etc. Also working Alfred Kahn, who licensed Pokemon in the states.",2021-03-07 15:25:56,2,kxgvo,CryptoCurrency,0.128,somewhat positive
Music-Entire,"Invest in nft infrastructure projects like nft20 (dex for nft), nftx and layer 2 solutions like matic. Nft market will be huge and the infrastructure projects will be benefit.",2021-03-07 15:36:39,2,8jo3vqhj,CryptoCurrency,0.875,very positive
McBurger,"My buddy wanted me to get into top shots with him.  Hes so hyped on it - hes a *big* sports card collector, runs a YT channel for card breaks, etc.  He has turned $200 into $3500 and I believe him. 

But I just cant.  I simply cant.  I said fuck it, Ill burn $100 because my best friend really wants me to do this with him, why not.  So I go to TopShits website and the first thing they require is connection with a google account  fucking yucks

Next they want a full dossier of information including name address birthday etc AND... A FUCKING SELFIE 

Then theres all these issues with actually pulling money out.  You cant really withdraw without even more tricks and waiting and shenanigans. 

All of this - ALL OF THIS - just to pay more than the price of NBA season tickets for a fucking gif.  I cant justify it, I cant wrap my head around it, Im out.  Why would any sports fan pay more than the price of season tickets for a gif?  Give me fucking season tickets lol I dont want your damn gifs",2021-03-07 15:46:24,2,4hhl9,CryptoCurrency,0.9694,very positive
kissing_the_beehive,"Cool, so how are you all making money on this bubble? ",2021-03-07 15:49:56,2,t2wu9,CryptoCurrency,0.3182,somewhat positive
yopogo,"Thank you so much for this breakdown! I just learned about NFTs within the past week and have been thinking of how these tracking of collectibles and topshot moments trading and ownership is only as good as the website and code the developers put behind it and your post helped affirm this for me, plus now I feel confident in warning my family and friends not to fall scam to this stuff.

Its sad though, the podcast and twitch I first listened to and heard about these, I thought the guys were pretty legit and not the super scammy type but once I heard them say tomorrow once this guys open collection drops, hell be a millionaire, although it turned out to be fact, this sort of hyping only adds to the mindless get rich quick rush without anyone taking the time to learn the technicals behind NFTs.",2021-03-07 15:58:00,2,12z6aj,CryptoCurrency,-0.3645,somewhat negative
ChaotixEDM,Been playing a card game with cards you actually own digitally and can sell. Gotta say... Im liking nfts,2021-03-07 16:10:45,2,2n6jgbxu,CryptoCurrency,0.5423,very positive
steveabootman88,Soo buy eth?,2021-03-07 16:13:55,2,9ckydd5x,CryptoCurrency,0.0,neutral
raginjason,"Thanks for taking the time to post this. When I heard of NFTs, I really struggled to understand the point as whatever the NFT points at could be duplicated or given to someone else. Turns out, I was right. Your examples are great, and address the concerns I had about NFTs.",2021-03-07 16:15:47,2,14aeem,CryptoCurrency,0.6494,very positive
zomgitsduke,"Finally something makes sense about NFTs.

Big future, but I won't be investing specifically in this stuff. Good luck to y'all who do so!",2021-03-07 16:17:59,2,5w1dl,CryptoCurrency,0.8459,very positive
pavedwalden,"In the case of unique/secret data, would it be possible for the token to generate a new secret key when its sold? Im imagining a system where the token always contains a valid password for some external system, but the password visible to the token owner changes each time the token is moved to a new address.",2021-03-07 16:18:44,2,tt18,CryptoCurrency,0.0,neutral
pfcypress,"A post worh saving. 

Thank you sir",2021-03-07 16:22:55,2,34pfexn0,CryptoCurrency,0.3612,somewhat positive
louis_lafaille,"the real scam is opensea making millions off of hopeful ""artists"" paying minting fees",2021-03-07 16:48:16,2,f4wwm,CryptoCurrency,-0.1027,somewhat negative
monkeybombed,Have a moon on me. I was not understanding the NFT very much and still not sure why this digital content is going through the roof when it's so dependent on the success of one or two things. Also the fact that digital content is stolen and reused so easily without consequence it seems.,2021-03-07 16:59:07,2,536jmwk1,CryptoCurrency,0.3928,somewhat positive
Tams82,"NFTs are stupid.

Cyptrocurrencies don't pretend to inherently be something of value, so they work. NFTs are trying to be something and that something is their value. Something that can be copied as many times as you like (well, the part that actually is something).",2021-03-07 17:13:40,2,firam,CryptoCurrency,0.6481,very positive
lino11,"NFT could be a way to let the fans own a piece of their favorite band's next album.

Forget *Kings of Leon*, adding some artwork and ticket stuff to their shows, as an NFT.

What if a band tied their upcoming album's royalty rights to their NFT release of that album... in order to promote and sell pre-orders..... giving a percentage of future proceeds to NFT holders?

For example, if Coca-Cola uses a song off that album for a commercial, and pays the band $1 million, NFT holders are paid out $100k. 

We'd trade music NFT's like stocks, as the more valuable ones would have these potential dividend payouts over its lifetime. And it'd be a way to help support the next big hit. 

Now music fans could REALLY brag about knowing about their favorite artist ""before they blew up"". They'd have the NFT tokens to prove it!",2021-03-07 17:24:30,2,l0lxm,CryptoCurrency,0.9622,very positive
westofjava,"Thanks for the post. I still dont understand all the excitement over NFTs, though I do remember saying something similar about Bitcoin a while back.",2021-03-07 19:14:09,2,6fr1m3ya,CryptoCurrency,0.7269,very positive
OffTheWall503,"Im not really into NFTs but Im an NBA fan so Im intrigued by NBA Top Shot. I was able to get a $14 pack from this weekends release and I have one moment thats selling for $200 minimum. Im not mad about it, as Im not a collector. But if someone is willing to pay for it, thats up to them.",2021-03-07 19:16:46,2,t1qyn,CryptoCurrency,0.7901,very positive
Entity2D,"Very useful write up. I think NFTs will work well in certain types of games (Online collectible card games, for instance), where in-game items / cards can be traded.

I do think a lot of crypto newbies jumping on to the NFT hype train are likely to be scammed into buying something they think is 'valuable' though.",2021-03-07 19:48:09,2,dgx1l,CryptoCurrency,0.8588,very positive
Koraboros,I heard that on Top Shot nobody can withdraw money. Isnt that just going to lead to ridiculously overpriced items where the bottom is gonna fall out as soon as withdrawals are allowed?,2021-03-07 23:39:43,2,4dfi9,CryptoCurrency,-0.1531,somewhat negative
Caveat_Venditor_,I think still have some crypto kitties if anyone wants them. 10 million each. Disclaimer: Please dont buy engage in NFTs.,2021-03-07 23:53:47,2,2p6jp6uo,CryptoCurrency,0.068,neutral
Joseph_Fidler_Walsh,Thanks for this! I see massive corporations like the NBA basically poaching off of the crypto space by selling top shot etfs and it seems very scummy. People are spending hundreds of thousands on clips they can watch on YouTube.,2021-03-07 05:28:13,4,24i1hjx5,CryptoCurrency,0.7574,very positive
Ircrixx,NFTs are the CryptoKitties of 2021. People are going to buy these up all inflated and be left holding the bag in the future.,2021-03-07 07:04:57,3,6vyjg,CryptoCurrency,0.0,neutral
paraszopen,"If anyone here is thinking about investing in any NFT project i would definitely research Enjin. I've made a quick summary what Enjin accomplished so far here:

https://np.reddit.com/r/EnjinCoin/comments/lgqwf9/what_is_enjin/?utm_medium=android_app&utm_source=share

Feel free to read and share. A lot is going on inside the project right now, like the Efinity which will enable multichain interoperability and this will change a lot in the market.",2021-03-07 13:55:28,2,12uq80,CryptoCurrency,0.9118,very positive
DivineEu,"Amazing Post! Thank you very much i learned a lot from that.

But i still don't get the Fuzz about it, seems like it can be really easy to get scammed when buying these NFTS",2021-03-07 10:56:05,1,b5gzb,CryptoCurrency,0.8997,very positive
SiON42X,"Ive got a legit use case for NFTs and coding knowledge, but cant seem to find good info on how to get working on them. Trying to find some MATIC tips for developing on their chain.",2021-03-07 12:58:00,1,62hbi,CryptoCurrency,0.5927,very positive
nathey81,So sick of reading about NFTs. Can we move on to the next Crypto hype vehicle please.,2021-03-07 12:43:11,1,wo34e,CryptoCurrency,-0.3167,somewhat negative
InomtoIfrain,"Take a look at synthetic assets, think this is the next thing. Easily minted true perlinX. Value is in the eye of the beholder. Its gonna be a crazy future.",2021-03-07 08:29:12,1,1rj8glpn,CryptoCurrency,0.7096,very positive
zipitz,"What a world we live in right now, I'm just barely learning what NFTs are.",2021-03-07 07:33:18,1,o1s3cso,CryptoCurrency,0.0,neutral
hotc0,thank you for this super informative post!,2021-03-07 08:29:19,1,835f366,CryptoCurrency,0.8135,very positive
mambasun,"Brilliant post, thank you! If I had any moons you'd get some 

Can I tempt you to expand in the smart contracts aspect? Or a point to where I can read more?",2021-03-07 11:17:23,1,a2ntd6fe,CryptoCurrency,0.899,very positive
Febos,"All transparent ledger crpytocurrencies are NFT.   With tokens/coins where you can see the history of transactions, the fungibility ends.",2021-03-07 12:42:30,1,j7nt3,CryptoCurrency,0.0,neutral
S_T_Nosmot,Why do you guys get pissed off if people get excited about new tech? People are too married to the decentralized idea. That's really old news and the block chain is about to become something you can't comprehend. Stop acting like this has one use and one use only.,2021-03-07 12:05:03,0,9cxzfv2i,CryptoCurrency,-0.3208,somewhat negative
captainlardnicus,"NFTs are art, and it mirrors the art world...

As a gallery manager and art collector, my advice is buy only art you personally love. If it brings you joy, it has value. If you don't like the look of CryptoPunks, don't buy em! If you are into psychedelic art, buy that...

If you want to do well in NFTs, don't study the prices, study art.

# The beauty of developing an appreciation of art is that it is something you will take with you forever and that nobody can take away from you. The knowledge will not fall in value over time and will enrich your life in ways you cannot possibly imagine.

Source: I walked away from a profitable career in advertising to study art.

Edit:  
Learn art history for free: [https://www.khanacademy.org](https://www.khanacademy.org)  
Some don't like him but this is a great crash course: [https://www.masterclass.com/classes/jeff-koons-teaches-art-and-creativity](https://www.masterclass.com/classes/jeff-koons-teaches-art-and-creativity)",2021-03-07 12:07:00,0,sjkeg,CryptoCurrency,0.9302,very positive
vmalarcon,"What I was realizing is that a git repository is kind of a blockchain. Well a branch is at least. You can actually see the history of code unfold change by change. Really cool:
https://m.youtube.com/watch?v=IQSTTFxVeFs",2021-03-07 08:32:44,-1,cb0l,CryptoCurrency,0.5709,very positive
80worf80,The passive-aggressive saltiness about NFTs makes me want to stock up on more. Lots of people still don't get it. Can lead a horse to water...,2021-03-07 15:33:21,-1,7mjvva70,CryptoCurrency,0.0772,neutral
bubuli7,Some of them are overpriced trash,2021-03-07 08:12:24,1,124l8h,CryptoCurrency,0.0,neutral
masterzergin,"Thank you for taking the time for doing this..

Personally I think this should be stickied at the top of the sub! 

I have tried explaining some of these point te people but can't do it as clear and eloquent as this. 

Now I can just direct people here.

Thank you!",2021-03-07 08:31:55,1,rh0ep,CryptoCurrency,0.855,very positive
Aggravating_Cat5515,Excellent post. I finally understand how nfts work. If I wasn't into them before for sure I won't be joining it now!,2021-03-07 09:25:30,1,9838u7dd,CryptoCurrency,0.7424,very positive
BHIXSE,I was asking in the daily thread a few days ago for exactly this post! Thank you for great information!,2021-03-07 09:54:21,1,efzwa,CryptoCurrency,0.8011,very positive
Illustrious_Tension9,"If you like the thing, buy it, but if youre only speculating with how much could it cost in the future could be stupid.",2021-03-07 10:12:06,1,9kvp5ass,CryptoCurrency,-0.5927,very negative
shmoculus,"So if I understand correctly, in the case of art for examlpe the NFT is completely separate from the rights to the art as well as the data that comprises the art. What exactly would I be buying in that case?",2021-03-07 10:20:56,1,hqrn2,CryptoCurrency,0.2732,somewhat positive
GinoWT,We found the ICO of this cycle !,2021-03-07 10:40:10,1,linfv,CryptoCurrency,0.0,neutral
Jester_Lester,"GREAT article, something very much needed to cool down baseless hype

> As far as ownership of real unbound digital assets, or physical objects, there is certainly interesting *potential* there, but right now, they're legally useless. 

now tell this to all those SLT shillers",2021-03-07 10:51:49,1,129v1t,CryptoCurrency,0.5214,very positive
Manydanks,Definitely a flash in the pan kind of thing but it is flashing right now,2021-03-07 11:14:05,1,oe5hh,CryptoCurrency,0.2144,somewhat positive
mambasun,"Brilliant post, thank you. Can you elaborate on the smart contract aspect? Or post a pointer to where I can read more?",2021-03-07 11:28:37,1,a2ntd6fe,CryptoCurrency,0.8541,very positive
tryM3B1tch,I remember ages ago I bought a VGO skin and I have no idea how to access it,2021-03-07 11:32:27,1,14gv9p,CryptoCurrency,-0.296,somewhat negative
maolyx,Thanks for this post. NFTs is mentioned so much over the past few days and I was wondering about that. This is very informative.,2021-03-07 11:41:54,1,16b9dp,CryptoCurrency,0.4404,somewhat positive
pdbatwork,"Do you have an ADA address for tips? This is some quality, right here!",2021-03-07 11:47:41,1,org6k,CryptoCurrency,0.0,neutral
DonCamilloZ,Not more ridiculous than modern art I guess.,2021-03-07 11:56:32,1,4vate56n,CryptoCurrency,0.3241,somewhat positive
Artonox,"very good writeup, i learnt a lot here.",2021-03-07 11:56:36,1,7hqc6,CryptoCurrency,0.4927,somewhat positive
gld6000,"The ***"".CRYPTO""*** web address NFTs seem to have serious potential. 

Personally, I picked up a few and may grab a few more.",2021-03-07 12:01:33,1,15wrkhmu,CryptoCurrency,-0.0772,neutral
gemkio,Thanks a lot for that post man! U cleared that up for me!,2021-03-07 12:26:25,1,tky6t,CryptoCurrency,0.5972,very positive
23Heart23,"From an art perspective, I was super excited for NFTs when I first heard of them. 

Wow, its a way for talented digital artists - who might otherwise find it difficult to sell/make a living from their creations - to actually make money. 

But after seeing the 2,000th piece of shit three YouTube lessons on Blender- level art piece sell for $20k, it just seemed like the whole thing was going horribly wrong. 

Maybe itll settle down and become what it originally should have been, but the hype around it at the moment means that, rather than genuinely talented artists getting financial recognition, its actually pure crap selling at inflated prices to morons who are only in it to sell to the bigger fool. 

Maybe inevitable, but sad, and like I said I just hope it settles down and becomes what it should have been.  

Maybe thats optimistic though. The tech just does what it does, its the people that determine its value, and markets will reward stupidity as long as stupidity is in demand.",2021-03-07 12:28:58,1,eh2o4,CryptoCurrency,-0.802,very negative
cashtins,"Thank you for the write up. I feel slightly less stupid now!

Just out of curiosity.  Could an asset owner (say immaterial rights for song lyrics) write over ownership so that it equals possession of the nft, and could that in turn solve some of the issues with ownership that you raise?",2021-03-07 12:31:07,1,p3n9koa,CryptoCurrency,0.5046,very positive
21blade,"Thanks for this. I was thinking that NFTs were a godsend for money launderers, like some art dealers/galleries. You cant say its worthless if someone is willing to pay for it.",2021-03-07 12:31:10,1,7axvit0b,CryptoCurrency,0.8808,very positive
GuiSim,"I could see this used for a Patreon type of service. They already provide exclusive items, most of them digital.",2021-03-07 12:32:22,1,3wh8u,CryptoCurrency,0.128,somewhat positive
sudo-apt-get-upgrade,Quality post,2021-03-07 12:38:38,1,56n29aa9,CryptoCurrency,0.0,neutral
futuraszn,"The use case will be AR/XR - we need a way to create an economy for those creating games, AR fashion, face filters, digital makeup and more in the AR environment. NFTs allow us to do that in a way that extends the traditional model of buying clothes, or make-up. In the blockchain utility ecosystem, only the true holder of the NFT can access the utility.   


Imagine walking in a bar with XR glasses and seeing someone with a rare NFT AR face filter by a famous artist. You could immediately bring up the NFT contract and offer Crypto to the owner on a decentralised marketplace.",2021-03-07 12:51:17,1,lgk50t7,CryptoCurrency,0.8176,very positive
TheChiefPontiac,"So if I understood it correctly the core problem is that transferring the NFT doesn't automatically transfer ownership. A separate contract is needed for that. 

Could this be circumvented by using the terms and conditions of the primary seller? 
Let's say a company sells NFTs that give access to JPGs on their website. When someone buys such a Token from the company they have to agree to the terms and conditions that read something along the lines of: ""this token cannot be transferred without simultaneously transferring ownership of the right to view the picture on the website"" 

The problem would of course be that any secondary buyers also have to agree to the terms and conditions despite maybe not even knowing of their existence. 
So this is probably not really a working solution but maybe someone who is more versed in American contract law can find a solution for this that doesn't depend on new regulations.",2021-03-07 12:59:35,1,rhylgdz,CryptoCurrency,0.5472,very positive
hundof94,"I'd like to read some thoughts about NFTs on different blockchains. 

What makes an NFT offical? The Mona Lisa painting is a property of the French Republic. If we want to have the offical NFT of this painting does only the French Republic can make it real? Also if they make an NFT from this painting what blockchain they can put this onto? Can they put the NFT to two different blockchains and still both of them will be offical? Or it is more likely they create a website (eg. Paintings in the Louvre), they choose a blockchain and release the NFTs to the public?",2021-03-07 12:59:56,1,138dnw,CryptoCurrency,0.7289,very positive
KingJames0613,"Still trying to wrap my head around some of this, but I think this would be a great application for creating a market or auction, for high-end collectibles. Graded sports cards/comic books, certified memorabilia, rare coins/stamps, etc. could all be traded, bought, and sold with NFTs. Authenticators, grading services, and auction houses could set up the original certified NFT during the process. The fees could be included in the price of buying and selling. Markets would dictate price and physical assets would get exchanged and distributed through these services. A blockchain eBay, of sorts, that I think would be more efficient and more secure. I don't see why the same principles couldn't be tied to the real estate market, as well.",2021-03-07 13:02:24,1,a0dufu1x,CryptoCurrency,0.9744,very positive
jaybee8787,"Hello, i have read your post about NFTs and would like to thank you. It was a very good post and ive learned a lot. I was wondering if you could share some sources you use to educate yourself on cryptocurrencies and everything that surrounds it. You clearly know a lot about it. Its sometimes quite a bit confusing to navigate through this jungle of information about the crypto world, and perhaps someone with more knowledge about the subject matter could point me in the direction of good quality sources. Thank you!",2021-03-07 13:08:24,1,55zv2qlg,CryptoCurrency,0.9405,very positive
JonSnow781,Does a tool exist that allows you to search for copies of NFTs that contain the same/similar artwork? Like a google reverse image search?,2021-03-07 13:09:10,1,s0e7d,CryptoCurrency,0.4329,somewhat positive
rockyjunior,I will take this post over a meme all day long. Thank you for the time you put in to this,2021-03-07 13:15:01,1,4zocrx92,CryptoCurrency,0.3612,somewhat positive
SacuGaming,Very informative post. Thank you.,2021-03-07 13:17:29,1,5vqhdgbv,CryptoCurrency,0.4144,somewhat positive
fr33g0,"
Thanks so much for this amazing in-depth explanation! It filled in so many blanks in such a great, interesting topic!",2021-03-07 13:24:15,1,ygle3e7,CryptoCurrency,0.9411,very positive
armaver,"If the media that a NFT links to was deployed on IPFS, many of the problems would disappear, no?",2021-03-07 13:29:53,1,61ie03xu,CryptoCurrency,-0.5574,very negative
Independent-Panda-21,"Been in a Reddit hole trying to understand NFTs, thanks for this write up! Very helpful",2021-03-07 13:35:24,1,a1ff6o5m,CryptoCurrency,0.7419,very positive
Cryptowsky,"Nice one, very informative, I will take some time for looking better into all the points in your post.

I have closely followed a recent NFTs auction of a popular DJ (3LAU) through a decentralized NTFs enabled platform called Dshop (OGN is the coin behind it). Through them, this guy has sold his 'tokenized music' for like $11M (!) and it looks like it has sparked a huge interest for NFTs in the music industry. Like you said, a lot of potential but the concept still has to be grasped by many of us. I was wondering about copyright things etc. so this post came up useful. Thanks!",2021-03-07 13:42:27,1,9rqb80wd,CryptoCurrency,0.958,very positive
ber74,Where do you buy NFT?,2021-03-07 13:45:47,1,4b17z6qg,CryptoCurrency,0.0,neutral
VisibleNinja,Should really mention the current use of NFT in ENS! :),2021-03-07 13:49:34,1,5lsaa,CryptoCurrency,0.5093,very positive
dinoucs,Why would anyone go and buy a tweet? What is the purpose here?,2021-03-07 13:56:45,1,el77y,CryptoCurrency,0.0,neutral
RonTurkey,I still don't get it. Maybe one day it will make a lot more sense.,2021-03-07 14:14:12,1,e49pqjh,CryptoCurrency,0.0,neutral
Bar98704,"If I had any spare awards I would gladly give you one, unfortunately I do not. Great job!",2021-03-07 14:17:20,1,ny27i,CryptoCurrency,-0.1496,somewhat negative
UTsnapper,Soon after cryptokitties popularity surge but well before this current rise of NFTs I picked up a few tokens from MyCryptoBaseball. Anybody know what's going on with those? From what I could tell the project changed its vision and moved to something different then what it started as. Are my player tokens worthless now?,2021-03-07 14:21:03,1,5ui8o,CryptoCurrency,0.4039,somewhat positive
Kandiru,NFT for owning domain names makes senses I think. If a top level DNS used an NFT system for authentication of DNS.,2021-03-07 14:25:50,1,7z6dy,CryptoCurrency,0.2023,somewhat positive
Skadoosh1942,This is why getting rid of memes is good. We can have useful information on the weekends now,2021-03-07 14:32:37,1,8vkr8tf5,CryptoCurrency,0.7003,very positive
IcyViking,Is there a simple way to check NFTs you own for   built in royalty fees?,2021-03-07 14:32:55,1,opsy4,CryptoCurrency,0.0,neutral
imdesigner311,"I think its cool owning a piece of NBA history, but if you buy a token to own a large piece of a famous momentand people who DONT own it can still see it on YouTube, the value is just speculation IMO.",2021-03-07 14:35:50,1,lhkfa,CryptoCurrency,0.5789,very positive
DomCraggoo,I've started a couple collections on opensea and also have a mintable account too. I'm a photographer and I provide the full resolution printable copy to anyone who purchases one of my NFTs atleast then there's some kind of value in it!,2021-03-07 14:38:01,1,19lkvfh2,CryptoCurrency,0.3397,somewhat positive
caleyco,"I like the approach district0x is going by creating decentralized marketplaces where users can submit, challenge, and vote on NFTs. [Memefactory.io being their proof of concept.](https://youtu.be/EoqF_3txiiI) There is still the issue of stolen artwork being submitted, but the challanging/voting and verified artist aspects help fight against that somewhat.

But of course, thanks to ridiculous gas fees, user engagement is practically non-existent right now. But hopefully layer 2 will alleviate that some day soon.",2021-03-07 14:40:58,1,4jhwi,CryptoCurrency,0.8658,very positive
poopa_scoopa,"Here as are... The ICOs of this bull run. Or is it DeFi as well?

Either way. I'm just gonna continue stacking satoshis and forget about all the rest",2021-03-07 14:43:31,1,7iuxk,CryptoCurrency,0.0516,neutral
w_savage,So go all in on NFT's. got it.,2021-03-07 14:43:59,1,1afmkbx9,CryptoCurrency,0.0,neutral
goodnightshuttles,"If NFTs are a only a few bytes... then what are these?? I actually dont know. 

https://makersplace.com/moderats/summer-elf-1-of-1-49173/",2021-03-07 14:45:44,1,5xa3j78i,CryptoCurrency,0.0,neutral
nckv,You missed IPFS being a platform that enables ownership of the assets tied to the NFTs.,2021-03-07 14:48:27,1,nw742,CryptoCurrency,-0.128,somewhat negative
HobNobBobJob,"[Absolutely Going to zero in the next bear market](https://youtu.be/2VzM0CaeQZU&t=45m25s )



[Also (Possibly) an indicator of market peak]
(https://youtu.be/2VzM0CaeQZU&t=37m57s)",2021-03-07 14:50:27,1,3uluu4n,CryptoCurrency,0.0,neutral
Xenu4u,"Thanks for the detailed explanation, I finally feel like I have a basic understanding of these things. Seems like a really cool idea, but with huge potential for scamming. Personally, I'm steering faaaaaaar clear.",2021-03-07 14:52:22,1,zi58h,CryptoCurrency,0.8909,very positive
rorowhat,Decentraland and enjin are starting to look pretty promising,2021-03-07 15:11:40,1,yq51a,CryptoCurrency,0.7096,very positive
Merica911,Smells like money laundry to me,2021-03-07 15:22:59,1,byb1u,CryptoCurrency,0.3612,somewhat positive
alovelyhobbit21,Anyone want to bid on my first tweet? Bidding starts at $5.,2021-03-07 15:28:32,1,3acg9ty6,CryptoCurrency,0.0772,neutral
BillAckman420,Going to be great with beeple's auction at Christie's. Bid already sitting at $3.75 million with 4 more days to go,2021-03-07 15:39:16,1,6mnvmja8,CryptoCurrency,0.6249,very positive
PuzzleheadedDream830,I tried to put up a meme NFT on opensea and it was $8 in eth for the listing.,2021-03-07 15:44:37,1,8jwwto25,CryptoCurrency,0.0,neutral
Vraos,"Could NFT be used for online services like Steam, giving you the option to ""sell"" your game accounts or items?",2021-03-07 15:48:48,1,2h3yx8i9,CryptoCurrency,0.5994,very positive
Code_Reedus,Can you explain how one can view all their NFTs on opensea then?,2021-03-07 15:57:48,1,14c8gs,CryptoCurrency,0.0,neutral
shostakofiev,"This is one of the better posts I've ever seen on this sub.

NFTs remind me a bit of RFIDs.  There is tremendous potential in the technology, but slapping a 5 cent RFID on something didn't suddenly make that something 100x more valuable.",2021-03-07 16:02:56,1,4dhk4nwr,CryptoCurrency,0.7607,very positive
corrosive_cat91,Where can you buy NFT ? Total noob here,2021-03-07 16:04:04,1,4he1u5ua,CryptoCurrency,-0.1263,somewhat negative
InfinityDoesSilph,You have no idea how much I appreciatie this post. Thanks a ton!,2021-03-07 16:10:17,1,11b3jr,CryptoCurrency,0.2481,somewhat positive
gunark75,"Coming at this from the side of the artist I think some things will make NFTs an ongoing and ultimate success. 

Firstly it can open up a whole new world of artists able to self exhibit and be in control of their own products, albeit still needing an online gallery to exhibit it. But I can create a piece of artwork, put it up, sell it and build a following. Along with this the purchaser knows they have the real deal, its traceable and theres even ongoing commission for the artist with additional sales. 

And its not just pictorial art. Im primarily a techno musician but have dabbled Im audio visual works that combine art, visuals and sounds that are creatively different to my usual music and is great to make.  For example a triptych with separate soundtracks that play together in unique ways every time. Its down to the viewer how they experience it and its on their own time, not in some exhibition.

Ive not made much because really theres been no easy outlet. But now I can create works, exhibit and hopefully sell them. Frankly Ive more chance with that than I have against the flood of techno released failing. 

So, for me NFTs and defi galleries give me a kind of democratization of creativity with a small chance of making a few pounds along the way. 

Is there a market for them? I believe there is, the market for digital goods is well established and the next step of making items exclusive and even tradable is a logical next step for say, Pokmon, FIFA players or Fortnite skins. 

Also, as soon as media companies realize that they can reissue all their albums / movies / books / etc with unique digital assets they will be all over that.",2021-03-07 16:10:41,1,4h8i3,CryptoCurrency,0.9823,very positive
AcademicTortoise,NFTs will have their place but 2.5 million for a tweet is insane. Weve gone to plaid!!!,2021-03-07 16:31:18,1,fnqe2rh,CryptoCurrency,-0.6626,very negative
Anres6,Thanks for this explanation. It cleared up a lot of blind spots in my understanding of nfts.,2021-03-07 16:35:12,1,1gh5npfp,CryptoCurrency,0.1531,somewhat positive
SwapzoneIO,remember $2.5 M for a tweet? that's NFT,2021-03-07 16:35:42,1,53rmdz4h,CryptoCurrency,0.0,neutral
MontefioreCoin,Also on the plus side: my reddit feed is so much prettier these days  z real and honest question is this: which of those tokens to buy to make some cash on the hype? Rari? Mintable? Who else?,2021-03-07 16:44:08,1,s5mxas0,CryptoCurrency,0.8243,very positive
Idontcareblahblah99,Thanks for the info,2021-03-07 17:15:26,1,6dxark04,CryptoCurrency,0.4404,somewhat positive
akbaros,How much for Elon musk NFT ?,2021-03-07 17:19:22,1,165x55,CryptoCurrency,0.0,neutral
lucasaielo,This really clarified the things. One more thing I've been seeing a lot in the environmental impact. Is it a thing about NFTs itself or is it related to the whole ETH commerce?,2021-03-07 17:26:29,1,2s0s0vgc,CryptoCurrency,0.0,neutral
AutoModerator,"* **[NFT](https://en.wikipedia.org/wiki/Non-fungible_token) [Pros](https://reddit.com/r/CointestOfficial/wiki/cointest_archive#wiki_nft_pros) & [Cons](https://reddit.com/r/CointestOfficial/wiki/cointest_archive#wiki_nft_cons)** - Participate in the [r/CC Cointest](https://reddit.com/r/CointestOfficial/wiki/cointest_policy) to potentially win moons. Prize allocations: 1st - 300, 2nd - 150, 3rd - 75.

    * Relevant Cointest topics: [Ethereum](https://old.reddit.com/r/CointestOfficial/wiki/cointest_archive#wiki_ethereum), [Cardano](https://old.reddit.com/r/CointestOfficial/wiki/cointest_archive#wiki_cardano), [Solana](https://old.reddit.com/r/CointestOfficial/wiki/cointest_archive#wiki_solana), [Algorand](https://old.reddit.com/r/CointestOfficial/wiki/cointest_archive#wiki_algorand).
    
    * Official or related subreddits: r/NFT, r/Ethereum, r/Cardano, r/CosmosNetwork.

* [NFT tutorial](https://reddit.com/r/CryptoCurrency/comments/lzjuf7/nft_madness_what_they_are_and_what_they_are_not/). 

* Sort comments as controversial first by [clicking here](https://www.reddit.com/r/CryptoCurrency/comments/sib6ur/the_concept_of_nfts_is_valuable_but_a_jpeg_is_not/?sort=controversial). Doesn't work on mobile.

---

*I am a bot, and this action was performed automatically. Please [contact the moderators of this subreddit](/message/compose/?to=/r/CryptoCurrency) if you have any questions or concerns.*",2022-02-02 01:07:38,1,6l4z3,CryptoCurrency,0.8385,very positive
MochiJump,"I think NFTs make a ton of sense for ticketing/pass systems and claim/receipt systems. They have potential even for use cases like trouble tickets, and countless more that I can't think of.

The way the world is highlighting using NFTs with these extremely expensive ""collectables"" kinda hurts. It seems to be a hamfisted and incorrect usage of NFTs. On one hand the term NFT is becoming more and more mainstream, but on the other hand the mainstream now relates NFTs to scams and you can't really blame them. It may be a net positive for future adoption (remains to be seen), but in the short term it definitely feels gross and makes talking about the technology to someone with a ""passing knowledge"" extremely difficult",2022-02-02 04:11:56,122,1vjinn3v,CryptoCurrency,0.3992,somewhat positive
StiCimedaca,"NFT collection prices can be manipulated so easily and they constantly are. So many people saying ""well it's worth whatever people will pay for it"". Actually no it isn't, people would not be willing to pay current prices for bored apes for example, if the prices were not manipulated the way they have been. If celebrities were not paid off to pretend to buy these they wouldn't be worth what they are going for now.",2022-02-02 05:21:10,20,5yq7s,CryptoCurrency,-0.1194,somewhat negative
SunnySaigon,Neopets showed us that Paintbrushes and other jpg images could be valuable if they were both difficult to obtain and useful in the (digital) world. People spent big Neopoints (the first crypto) on Paintbrushes because they wanted the cosmetic glory. So if NFTs can bring someone real world results; their value will rise,2022-02-02 01:38:51,15,15xgpp11,CryptoCurrency,0.8555,very positive
Hot-Canceld,it's worth whatever people are willing to pay for it,2022-02-02 02:36:24,9,9cbf6hig,CryptoCurrency,0.128,somewhat positive
whiteycnbr,"It's speculation mainly. Not many have much utility.

Some that sit around the 1 ETH mark can double in a day, if I compare that the same the basketball card or baseball card market, that just doesn't happen that quickly.",2022-02-02 03:06:10,3,acikh,CryptoCurrency,0.0,neutral
navneetmuffin,I don't hate NFTs but current usage of NFTs are pretty shit,2022-02-02 07:07:44,3,1okqvvln,CryptoCurrency,0.1025,somewhat positive
EducationIsGood,"Ok.. 
In the case of Bored Ape NFTs, they are only ""hated"" by salty people without one. 

Source: don't have a BAYC NFT, but I don't hate them ",2022-02-02 07:24:59,3,4wf9i,CryptoCurrency,0.2136,somewhat positive
As03,Can't wait to see those apes reaching 0.00001 cent.,2022-02-02 07:29:10,3,coc1r,CryptoCurrency,0.2023,somewhat positive
95mongo,"I kept thinking the same thing .. So to me this sounds like cope, which I can understand. I myself am upset I missed an opportunity of a lifetime while being in the nft space. 

The bored ape brand launched its NFT collection in April  21 (10 months ago) for a mint cost of .08 ether. Took days to sell out and many people minted and sold for quick profits. 

These Jpegs are scarce collectables with verifiable sources. A collectors wet dream. 

People who held had conviction in this tech held strong. They definitely deserve every bit of wealth.

BAYC holders will get airdropped ape-coin.

Theres gonna be a BAYC game to spend the coins.

Exclusive merchandise for holders. (Think high end brand in infant stage like Supreme or LV) collecting these physical items will be worth a lot in future.

Brand recognition or Clout if you choose to rock your nft as a pfp. 

For exclusivity theres so much going on behind the scenes. This brand is only 9 months old with over a 4 billion dollar in sales. The sales volume on BAYC exceeds many large companys that are recognize today.

BAYC is building physical clubs exclusive for ape holders. Starting in Miami.

After the NFT NYC event there is private BAYC yacht party. 

Access to private discords where ppl discover up and coming projects and talk tech. 

Before NFTs people would pay millions to be in private clubs just to associate with other like minded folks. This is no different than the billionaires & millionaires who spend hundreds of thousands to access a golf course or whatever may be.

Call it what you want, JPEG or membership pass.. BAYC is a club and anyone with an ape is a member. 

Im not a member of BAYC so Im sure Im missing out points of value.

NEVER JUDGE A BOOK BY ITS COVER AND A NFT BY ITS JPEG!!!",2022-02-02 13:58:16,3,n34r4lt,CryptoCurrency,0.9809,very positive
ANKERARJ,"Wait till they find out it is not even a JPEG. It's a hyperlink.   
You do not own the asset, you own the directions to it.",2022-02-02 06:50:14,7,dq8ualpi,CryptoCurrency,-0.2755,somewhat negative
spongebobmoon,A jpeg is a million dollars if somebody is willing to pay that price.,2022-02-02 01:12:38,23,c45x9805,CryptoCurrency,-0.1027,somewhat negative
xbinulx,*Nfts are overrated*,2022-02-02 03:16:07,9,c1o8r3ga,CryptoCurrency,0.0,neutral
ent4rent,"So there's a trick being pulled, but you need a lot of crypto to begin with..

You make and list an NFT yourself, you buy said NFT from yourself for 100 ETH. You now have 100 eth plus an NFT with a market history of 100 eth. 

You then sell your NFT on the actual open market. Sell at a 90% loss for 10 eth, you now have 110 eth, and 90 eth worth of a tax write off if you know some key steps I didn't mention. Not necessarily 100% legal, but the idea is to not attract enough attention and to have a good enough tax accountant to wipe up your mess. I wouldn't recommend following this path, but it's more or less what's going on in some of these NFT sales.",2022-02-02 02:21:08,10,4i5vl,CryptoCurrency,-0.7283,very negative
Cameronalloneword,"I think the monkeys are incredibly lazy, uninspired, and dumb. I do think theres a ton of potential with the concept of NFTs but Ive yet to see one that I think is cool",2022-02-02 06:06:52,3,9atue76x,CryptoCurrency,-0.0249,neutral
Buttersstotch58,Its worth what people are willing to pay for it..,2022-02-02 04:30:06,5,54ea0by5,CryptoCurrency,0.128,somewhat positive
And2Makes5,I don't think paint on a canvas is worth $1 but millions think otherwise,2022-02-02 01:18:24,10,b0sss23c,CryptoCurrency,0.1154,somewhat positive
quadkings,This is a Habtoor's Last Hopium shill post.,2022-02-02 04:52:30,2,sqsq0,CryptoCurrency,0.0,neutral
Hot_Dog_Dudeson,"I would say if someone catches a top level politician with a street hooker and turns it into a NFT that would be worth millions, but a pic of a monkey isnt",2022-02-02 08:00:59,2,atq3qmvf,CryptoCurrency,0.2144,somewhat positive
Jazzlike-Swordfish18,I prefer Utility projects such as NFT Audio OR NFT BOOKS because there I Pay the genuine price of what I am buying. Look at r/Nftbooks they are creating public library where a lessor will be able to create one's own library and sell books at cheaper cost because of the competition from other Lessors. Massive number of readers will jump in this because of the cheaper books. :),2022-02-02 11:33:57,2,98llr4i6,CryptoCurrency,0.7351,very positive
zedaero,People pay more for an imaginary friend in the sky,2022-02-02 12:29:28,2,idujf,CryptoCurrency,0.4215,somewhat positive
kidcrumb,"You said in your post that Bored Apes give you access to exclusive places, etc. Thats why its worth a million dollars. Because I can buy one, go to an exclusive party and possibly meet Justin Beiber or some other celebrity id normally have no chance of meeting. 

Thats what you are buying. You arent buying a jpeg of an ape. That ape just represents your memebership to their club.

No one cares that the membership for an exclusive golf club is $50k-100k, which gives you a nice jacket and merch to rep. But the same thing represented by a digital token? People lose their shit.

Its the same fucking thing.",2022-02-02 13:34:00,2,7vykw,CryptoCurrency,-0.8299,very negative
dajohns1420,"It's NOT a JPEG you are buying. That would take up way to much space, and make the blockchain unusable in weeks.

You are buying a link to a JPEG. About half of NFT's are a link to an image on a traditional URL, hosted by Amazon or some other central authority. This means if the bill doesnt get paid, your nft disappears and you own and empty link. The other half are a little better, and are stored on IPFS. I would never buy an NFT that wasn't on IPFS. Not that I've ever bought an nft anyways lol.",2022-02-02 03:34:00,3,12eiyh,CryptoCurrency,0.4951,somewhat positive
ngaihte,and you just own the hyperlink to a jpeg hosted on a centralised server.,2022-02-02 07:33:31,3,175d22,CryptoCurrency,0.0,neutral
PrinceZero1994,"Only the buyer can say how valuable an NFT is.  
It's worth depends on if it can be resold for profit as well.",2022-02-02 01:34:48,3,pdqgd,CryptoCurrency,0.8402,very positive
LilliProfits,NFTs are in their infancy. I remember when iPhone apps were dumb and useless. The AppStore has thousands of advanced useful applications now. NFTs will find more use as more people enter the space. Give it time.,2022-02-02 04:11:47,4,d1o9ewr2,CryptoCurrency,-0.296,somewhat negative
KingThermos,The irony of people within a crypto sub constantly complaining about NFTs is never lost on me.  Digital currency angry about digital art in its earliest form. We demand to be accepted but can't accept something else different.,2022-02-02 04:23:42,5,c60bc,CryptoCurrency,-0.564,very negative
Halflifefan123,Neither is a piece of paper with a bunch of oil paint on it.,2022-02-02 03:52:36,2,8ww8vir5,CryptoCurrency,0.0,neutral
Adept-Guide-8327,This is correct. A JPEG is not worth millions of dollars  just like a JPEG is not an NFT. But an NFT CAN be worth millions Because an NFT is not just a JPEG my friend.,2022-02-02 04:15:13,2,a2wtwaz9,CryptoCurrency,0.7945,very positive
TROMiN_,Then you dont get NFTs or the Blockchain,2022-02-02 01:09:00,4,10plo5,CryptoCurrency,0.0,neutral
bccrz_,"I like to think that crypto (ETH in particular) has greater buying power than fiat currently for NFTs, thats why you have crazy fiat prices but relatively reasonable ETH prices (you knowif you have a big bag of ETH). I think this is a result of the initial investors being people who were early in crypto and had a lot of ETH. The market accepted these prices as new buyers came in, which is why they have persisted.",2022-02-02 01:18:24,2,8m9aitsm,CryptoCurrency,0.5346,very positive
ImaFreemason,You got that right.,2022-02-02 02:50:16,2,4i7fj94m,CryptoCurrency,0.0,neutral
BushkillsBest,Whatever. Ill start my nft journey in a few months. Ill float or sink based on a bunch of shit Ill be navigating as I release my stuff. Not ready for that yet as I engineer a creative way to tell my boss to go pound sand.,2022-02-02 02:52:35,2,apmys17i,CryptoCurrency,-0.8809,very negative
Onelinersandblues,"I am a musician, I still cant figure out why nobody has brought up like beats on the blockchain like you can actually own the WAV. of a Dr. Dre beat to use in your production. Idk, sounds cool and I could probably make money out of this idea if I knew how.",2022-02-02 02:53:13,2,5ej32529,CryptoCurrency,0.7096,very positive
Flaky_Protection7634,Soon Jpegs will be Relics of the past as most if not all will fall to 0 or close to it.,2022-02-02 01:23:36,2,aby8rvup,CryptoCurrency,0.0,neutral
zaminer,NFTs are not about jpegs!!!! ,2022-02-02 03:31:22,2,gyods,CryptoCurrency,0.0,neutral
KaiSosceles,Paint on a canvasalso not worth millions of dollars. And yet,2022-02-02 04:53:01,1,vld7g,CryptoCurrency,-0.1695,somewhat negative
CorneliusFudgem,"NFT jpegs of monkeys are not worth that much.

NFT-based disaster insurance, intellectual property, patents, legal documents, healthcare, property contracts, deeds, royalty systems, wills, disclosure agreements, identity protocols, grants, proof of ownership etc. (the list goes on) will be invaluable. 

people just need to look past the shallow, surface-level use cases of (shitty) digital art and think about what this technology can do for the world & humanity",2022-02-02 06:25:11,2,gf4kbzfp,CryptoCurrency,-0.3749,somewhat negative
djuro94,People don't see a difference between technology and money laundering lol.,2022-02-02 01:21:17,1,64shmgt5,CryptoCurrency,0.4215,somewhat positive
DDaBeast4,I dont think JPEGS should be valued at anything above $.01,2022-02-02 01:13:10,-2,a04crdkc,CryptoCurrency,0.4404,somewhat positive
YamahaFourFifty,Wash trading and greater fool theory = current NFT values,2022-02-02 02:39:16,0,bzbglbqc,CryptoCurrency,0.3182,somewhat positive
engdeveloper,"It could be... back in the day, they would say ""do you want $1 million cash NOW (& pay the taxes...so come out with $300-400k) or 1.5% of Bugs Bunny (Royalties)?

Who cares about the image, you want access to the crypto wallet where the stable coin royalties are getting deposited.  All this is stored on the chain.

That is the value of an NFT, and art auctions.  I have 3 paintings in NFT form, kinetic art... pretty snazzy, I like to look at them.  And only i can display them... unless you pay a fee.

They could be bearer bond coupons... the applications are endless.",2022-02-02 05:05:27,0,4dfwjtxl,CryptoCurrency,0.9022,very positive
TeutonicTitan,">In fact, I dont think these JPEGs should be valued for more than 5 digits.

How does your opinion even matter here? There are only 10,000 apes (passes), all that will ever be. All it takes is a few people who can afford it to be a part of it. It's not even about the jpeg or ""services"", it's about enough social consensus to make something hold value across time and this is true for anything, especially for social networks. Something that's also overlooked is that such assets move independent of markets.

>And most of the time its not the market thats setting these prices. Theyre usually inorganically inflated.

Isn't that a little hypocritical when most of cryptocurrency space is pumped up VC bags at the cost of idiots such as ourselves. Anyone buying into fucking Geth forks like AVAX should realize this but do they?

>This is exactly why NFT like Bored Apes are so hated. I think the only valuable thing about Bored Apes is the access to exclusive places and contacts but that's it.

They are hated only because you plebs are priced out and won't ever consider owning one or forming a DAO to fractionalize one. You think exclusivity does not matter? Boy do you even live on social media? High net worth individuals dictate social trends, they make the next cool thing, they put social pressure on others to do the same. For such peeps NFTs are a great means of showcasing their status as well as some form of identity. Twitter sees it, Facebook sees it, Youtube sees it when will you guys?

While this sub cried, dedicated community members of good NFT projects like CloneX got airdropped 10s of ETH for free. Who bought these NFTs? Celebrities, Institutions, with retail money... good luck staying blind and hating on NFTs.",2022-02-02 05:14:35,0,4n4u0s4r,CryptoCurrency,0.9449,very positive
solarixs,Thats not for you to decide,2022-02-02 06:17:27,0,15otkp,CryptoCurrency,0.0,neutral
ValorousAnt,Gaming NFTs are the way!,2022-02-02 07:44:35,0,66yywoxz,CryptoCurrency,0.0,neutral
purpledrank7855,"We are all entitled to our opinions. 

I'll bet when/if you have an nft that's worth a stack you won't feel that same. 

Trading a cat picture for your new Tesla is gonna feel pretty alright.",2022-02-02 16:44:35,0,2hrh9h2a,CryptoCurrency,0.802,very positive
ricky_bot3,But JPEGMAFIA makes some stellar music thats worth 5 digits,2022-02-02 04:30:35,1,2adpv31e,CryptoCurrency,0.3291,somewhat positive
Dry_Advice_4963,"True a JPEG is not worth millions of dollars, however... *a GIF on the other hand...*",2022-02-02 04:39:32,1,b0wufwgx,CryptoCurrency,0.6524,very positive
The_3_eyed_savage,I've been in for months and no one trying to launder money into my nft. Im still waiting,2022-02-02 04:40:50,1,3mikhwpl,CryptoCurrency,-0.296,somewhat negative
Urc0mp,"Even some of these loathworthy NFTs seem like they have value from online boasting. Check the token, fool.",2022-02-02 04:44:54,1,xtvs5,CryptoCurrency,0.25,somewhat positive
shosuko,"imo one of the problems with nft's is that - without some central authority enforcing ownership with them - they don't really mean much as ""ownership.""  Until I see a copywrite or trademark suit settled due to the blockchain ownership of an item I'm gonna be hesitant here.  Here the technology fails to do what it intends to, which is create digital ownership.

As much as I don't like their use in gaming - at least the game acts as an authority enforcing ownership.  If a game character, skin, item, etc is an NFT you won't get the in game benefit by taking screen shots or minting your own rip off copy.  Here the technology suffers because most games are absolute trash, and rug pulls.  But the games that are good are starting to be recognized, and the in game digital assets work well with NFT tech.",2022-02-02 04:53:45,1,ewnjy,CryptoCurrency,0.6467,very positive
arc_menace,"Personally I expect NFTs (as in the dumb monkey pictures) to crash and fall out of the public eye within a year or two.

However they will form a crucial backbone of web and web3 infrastructure and security",2022-02-02 05:04:27,1,3qd3s3ud,CryptoCurrency,-0.5574,very negative
Eeji_,"Wolf of Wallstreet: sell me this pen

Me: it's an NFT",2022-02-02 05:05:56,1,6mjqsm08,CryptoCurrency,0.0,neutral
dollhousemassacre,"5 figures is being generous. Price should reflect time and effort made to create them, so double digits, at best.",2022-02-02 05:14:41,1,s7tj1,CryptoCurrency,0.8625,very positive
SoSoPatPat,Yet we see posts like this every single day,2022-02-02 05:24:23,1,4xk650zp,CryptoCurrency,0.3612,somewhat positive
morallyagnostic,"Heard a bit of a Mark Cuban interview today.  He said NFTs were basically a ""proof of concept""; that rang truer than most of what I have learned about them.  They validate the legitimacy of smart contracts.",2022-02-02 05:27:00,1,14yacs,CryptoCurrency,0.7717,very positive
takeitinblood3, It's worth w.e buyers are willing to pay.,2022-02-02 05:39:05,1,hfk7o,CryptoCurrency,0.128,somewhat positive
ES_Legman,"I see them as an interesting proof of concept, a test of the technology, but the overpriced JPEGs are currently the embodiment of everything that is wrong with crypto and there is no rationale other than cool kids with a lot of money inflating the prices of an in chain receipt pointing to an URL.",2022-02-02 05:50:15,1,12nwht,CryptoCurrency,-0.4854,somewhat negative
windtendo,You can get a sense of those here that lived through the beanie baby days.,2022-02-02 05:52:10,1,4zio5vuf,CryptoCurrency,0.0,neutral
nomoslaw66,I often think I should take up photography and set them up as nfts or as series of nfts because there are many beautiful places near to where I live. But I just don't know how they will be taken.. specially when people buy jpegs of cartoon apes with depressing faces,2022-02-02 05:53:41,1,5nvg9x5v,CryptoCurrency,-0.2382,somewhat negative
Hungry_Pancake,Huge difference between an NFT and the tech behind it and a pictured of a sub-optimal primate,2022-02-02 06:01:48,1,c7v025qy,CryptoCurrency,0.3182,somewhat positive
Skwuish,NFTs are generating income for artists who previously were probably eating ramen for 20 years as they continued to grind. Let them have this moment.,2022-02-02 06:05:46,1,vwq5k,CryptoCurrency,0.0,neutral
57Never,"Bored Apes as JPEG's are valuable because they are now seen as a luxury status symbol.  They are basically a finite luxury product.  Like the first Air Jordans or a Vintage Hand Bag. Like an Exotic Car.
Ownership is highly exclusive.

Eminem just bought one. Justin Bieber just bought one.  The irrationally of it no longer matters.",2022-02-02 06:14:41,1,bzy3c,CryptoCurrency,0.7285,very positive
hungryforitalianfood,"The concept of painting is valuable, but a simple portrait of a woman is not worth millions of dollars

- you, gatekeeping art",2022-02-02 06:18:16,1,1smo6h2,CryptoCurrency,0.0132,neutral
Cardonian,Well that depends on your disposable income really,2022-02-02 06:21:59,1,bpsrx42a,CryptoCurrency,0.2732,somewhat positive
2punornot2pun,"Art being used as a way to money launder?   


Crazy.",2022-02-02 06:26:39,1,5y5g526u,CryptoCurrency,-0.34,somewhat negative
sliverman69,"some of these original NFTs will end up being valuable, even though they're ""just a jpeg"". If a dapp, crypto game, metaverse, etc. decides to check the presence of a particular series of NFTs (like, let's use bored apes as an example), then if you are playing a game and they see you have one of those original NFTs, they may grant you a special in-game skin, a gadget, pet, weapon, etc. that may provide in-game benefit.

Most of them will likely deflate in value to being worth nothing in the near-term. However, over time, we will likely find that they end up with some utility, which could drive their price back up. I like to think of the NFT craze that's going on right now similar to the .com bubble popping. Some companies managed to make it out, many did not. It's going to be very difficult to choose the winners correctly, but there will be plenty of people that will catch enough of them to make a lot of profit.

The ones that were iconic in the movement (like probably the bored apes) will survive because they created some kind of utility and competitive advantage.",2022-02-02 06:39:06,1,6cpc7m0g,CryptoCurrency,0.9552,very positive
pibbleberrier,"Nothing in crypto really make sense in a traditional sense. 

If you think jpeg should be worth 1 million + well you need to take a hard hard look at the valuation of many of the coin popular on this subreddit",2022-02-02 06:49:43,1,c7yrajpu,CryptoCurrency,0.6124,very positive
LevoSong,"I think I agree, but at the same time why is it justified for a piece of tissue with some oil on it ? I mean you could put as much talent and effort on a 'real' world piece of art that on a digital one. Very often it's not the case and that's what's wrong but it's because of the hype and the bullshit influencers.",2022-02-02 06:51:12,1,1nel44yo,CryptoCurrency,-0.3291,somewhat negative
Hpezlin,If you buy an NFT then you own that particular image right? Is it actually enforceable by law if somebody else uses it?,2022-02-02 07:09:03,1,o7xb2,CryptoCurrency,0.0,neutral
staffell,"NFT to JPEG is what [Meme](https://en.wikipedia.org/wiki/Meme) is to Image Macro.

They're not the same thing.",2022-02-02 07:14:12,1,4j4ni,CryptoCurrency,0.0,neutral
CryptoGeekazoid,"*This is exactly why NFT like Bored Apes are so hated. I think the only valuable thing about Bored Apes is the access to exclusive places and contacts but thats it.*

That could be plenty, though. Who are you to put a value on network?",2022-02-02 07:17:21,1,2kjstuds,CryptoCurrency,0.2184,somewhat positive
ram_the_socket,"I think if anything, they need a major usage change than the JPEGs we know of.

Many people hear the word NFT and just think of JPEGs and how stupid they are, and I think because of that things branded as NFTs even with a purpose wouldnt be successful as people dont understand them.",2022-02-02 07:32:25,1,2zrya3r7,CryptoCurrency,-0.7559,very negative
Resident_Piccolo_866,It's worth whatever some idiot wants to pay unfortunately,2022-02-02 07:44:35,1,7lxch0gh,CryptoCurrency,-0.6369,very negative
honeybabymoney,"No one is buying JPEGS (talking by the +6 figures); theyre buying connections, business relationships and advertisement.",2022-02-02 07:54:06,1,86xzjusu,CryptoCurrency,-0.296,somewhat negative
omasque,"Youre not paying for the jpg, youre paying for the certificate of authenticity and concrete audit trail/chain of ownership with IFTTT capability on a cryptographically secure permaweb that owns and controls the jpgs viewability and potentially the rights to reproduce it legally. The jpg is just a placeholder tech demo for something more valuable.",2022-02-02 08:16:26,1,42clb,CryptoCurrency,0.7346,very positive
PiickleRiickk,"Herd psychology, if someone gives a million dollars to an NFT, the others will follow him",2022-02-02 08:26:11,1,e0afeiy7,CryptoCurrency,0.0,neutral
CryptoVenetian,"It is a bubble, the thing is that it may never burst. Unless buyers don't find them interesting anymore. You could have argued the same for certain ""modern art"", yet there are horrible paintings still being auctioned for hundreds of thousands if not millions... Andf NFT art is no different. Unfortunately the world is full of dumbasses who would pay for something ""just because it makes them cool"".",2022-02-02 08:29:27,1,bj7omwmp,CryptoCurrency,-0.6621,very negative
South_Valuable4733, REALLY inflated when there are NFTs  like sh\*t lol,2022-02-02 08:38:28,1,90surnuc,CryptoCurrency,0.6486,very positive
Kilv3r,"Things are worth whatever people are willing to pay for. Thats why these celebrity scams where they pretend to pay millions for NFTs are so popular, because they set a base price for their overpriced stickers.",2022-02-02 08:38:57,1,5xelbiv9,CryptoCurrency,-0.1239,somewhat negative
New-Base-6316,I understand your point...but monkeys and punks are worth Millions atm...that's the reality,2022-02-02 08:58:18,1,dw0al0o3,CryptoCurrency,0.2263,somewhat positive
1al_katifa,They give NFTs to famous people just for increasing the hype and the floor price...,2022-02-02 09:03:15,1,am8lh066,CryptoCurrency,0.0,neutral
dybolic,I hate to say this.. this reminds me of the things that were said about Bitcoin 10 years ago.,2022-02-02 09:22:27,1,5z3mn,CryptoCurrency,-0.5719,very negative
ZackJenks,This million dollar JPEG says differently,2022-02-02 09:30:44,1,23pq22fm,CryptoCurrency,0.0,neutral
DS_1900,"It is if it's a really good JPEG.

Like high quality and of a really nice picture like some mountains or a rhinosaurus....",2022-02-02 09:53:11,1,9papk38a,CryptoCurrency,0.896,very positive
outlier37,"NFTs have actual use cases like hotel room keys, games, bus passes. Jpgs? Unless you really just like the art and you're a collector who would have otherwise paid the same amount on canvas it's just stupid. Not hating on collecting art - hating on flipping art. Because it encourages bad art.",2022-02-02 10:14:47,1,abrvf8jy,CryptoCurrency,-0.0823,neutral
chanjitsu,I mean you could say the same about any art piece ever. A piece of canvas in not worth a million dollars?,2022-02-02 10:14:54,1,3hycpoq,CryptoCurrency,-0.1695,somewhat negative
Beneficial-Ocelot470,This sub likes Algorand but doesn't shill MNGO?,2022-02-02 10:37:14,1,a5i1xpwj,CryptoCurrency,0.2263,somewhat positive
dies_und_dass,A thing is worth what someone is willing to pay for it.,2022-02-02 10:40:35,1,bntrj8rq,CryptoCurrency,0.128,somewhat positive
dookiehat,This is how you know they are worth a lot.,2022-02-02 10:45:31,1,r22xgmp,CryptoCurrency,0.2263,somewhat positive
80worf80,"Art is like the least interesting use of NFTs, but here we are. Unoriginal humans. Same reason the nerds in San Francisco make smart lightswitches and bulbs and not smart pipes, conduits and internal building structure. Gotta keep those hands clean.",2022-02-02 10:47:07,1,7mjvva70,CryptoCurrency,0.6524,very positive
GetEmDaddy902,They actually are and several people have paid that much for one so there is your proof.....maybe it's not worth that much to you because you not at the level to buy a jpeg for 1million.....who ever is buying them has the money to drop a mill on a jpeg,2022-02-02 10:53:37,1,11xwhs,CryptoCurrency,-0.4149,somewhat negative
slade870,What about the canvas the Mona Lisa was painted on?,2022-02-02 11:39:51,1,17e6k0,CryptoCurrency,0.0,neutral
Sadboiiy,Supply and demand,2022-02-02 11:51:53,1,6pfw65o,CryptoCurrency,-0.128,somewhat negative
ruckie99,"After the numerous card crazes over the past 50 years, this shouldn't have surprised us as much as it did. At the end of the day, it's worth what people are willing to pay for it.",2022-02-02 11:58:30,1,3orkkt1y,CryptoCurrency,0.0088,neutral
Sir-_-Butters22,"Bought a cool looking crab for $30's, I like my crab.",2022-02-02 12:14:40,1,22ee1nv4,CryptoCurrency,0.5859,very positive
eonclaire,Tulip Mania + blockchain,2022-02-02 12:18:08,1,a9viv,CryptoCurrency,0.0,neutral
Oheson,"Another Boomer who does not understand NFTs hate porn thread for up votes.  

I know the market is kind of boring right now but damn, come up with new material.  We have not hate a good Solana hate thread in a while.

Or just a I dont understand the world around me and I am old and angry thread.",2022-02-02 12:26:25,1,chno9,CryptoCurrency,-0.9179,very negative
no3bi,its worth what someone else is ready to pay,2022-02-02 12:41:27,1,4r6wk306,CryptoCurrency,0.4588,somewhat positive
Apprehensive_Home912,A JPEG of Dwayne The Rock Johnsons Johnson is,2022-02-02 12:44:54,1,87lmyz6t,CryptoCurrency,0.0,neutral
Basic_Spare9862,"Its not even a JPG. Remember, that NFT itself does not hold the particular image. Perhaps, some networks allow this, but AFAIK most of them just store some kind of URL which points to a web site. So, technically speaking this website lives outside of blockchain and is fully centralized and controlled by its owner meaning it could went down at any point of time",2022-02-02 12:49:36,1,d6ksutaj,CryptoCurrency,0.1154,somewhat positive
Former_Purpose_7288,"I am looking for NFT that really ties to some underlying real physical asset for investment sake. Eg. Can the we own the NFT thats supported by a plot of farmable land. Better than buying ETFs and Stocks.

PS: I am still holding on to my 3 Crypto Kittens bought in 2017  theres no resell value or market whatsoever.",2022-02-02 12:56:13,1,1jbj1okw,CryptoCurrency,0.5368,very positive
pongo_spots,The only people that would argue this are the ones who would argue against the idea of NoSQL databases. It's a different kind of store with different capabilities and weaknesses and strengths,2022-02-02 13:00:13,1,5dhdedw9,CryptoCurrency,-0.5574,very negative
ChosenRocket93,Only thing i disagree with NFTs is that theyre art. Thats not art at all.,2022-02-02 13:07:29,1,esb92uzq,CryptoCurrency,-0.3818,somewhat negative
Comfortable-Gur7140,The contract behind the NFT is really the important piece but once I saw Gary Vaynerchuks VeeFriends NFTS it made complete sense to me how NFTS are the future and that 99% of the current ones are shit,2022-02-02 13:09:36,1,ag2365pw,CryptoCurrency,-0.6554,very negative
ILikeToSayHi,Nfts now are basically the ico shitcoins of 2018. Eventually they'll have great use,2022-02-02 13:12:45,1,emo8z,CryptoCurrency,0.6249,very positive
Shadoww2020,Totally agree. I can't find the logic in paying millions on jpegs.,2022-02-02 13:15:10,1,a3cwxvbn,CryptoCurrency,0.4201,somewhat positive
sickvisionz,"I think they can be priced however they want.  Andy Warhol and Jackson Pollack paintings sell for millions.  A lot of Warhols stuff is identical to something like Bored Ape and algorithmic art aren't much different than something Pollack makes.

People said, and still say, their work is worthless and overvalued.

It's wild to see crypto people say it's all just money laundering and scams.  It's like when Bitcoin maxis say everything that isn't us is a centralized shit coin and then the Ethereum maxis turn around and say the exact same thing about every smart contract platform that isn't there's.

Fact about humanity: Nobody actually dislikes the concept of treating people unfairly.  At most, they're just upset that *they* don't have anyone that they can treat unfairly.  The second they do is the second you find out that they've actually cherished the concept and have been dying to do it themselves.",2022-02-02 13:24:27,1,dte9l,CryptoCurrency,-0.6077,very negative
JoJuiceboi,"They would be great, DEPENDING ON HOW THEY ARE IMPLEMENTED, in security. Sign a message, if you have the right asset go on ahead in this secluded hallway to steal more nfts.",2022-02-02 13:25:16,1,358kkezs,CryptoCurrency,0.7003,very positive
RealNicoSuave,Dont You Dare The Office GIF by hero0fwar https://media0.giphy.com/media/ToMjGpOjkiEjzJ1ZaJG/giphy.gif?cid=82a1493b0rur9v8i7w4g5wz8k0wfy5mmhtz68aqc4f3ynln0&rid=giphy.gif&ct=g,2022-02-02 13:26:04,1,a3d6ezag,CryptoCurrency,0.0,neutral
RealNicoSuave,This is pretty dumb.  The value is in the eye of the dumbass that wants to put value to a rotating frog king.,2022-02-02 13:28:26,1,a3d6ezag,CryptoCurrency,0.0258,neutral
ichuan1,I partially agree with you but we are still in the early phase and hence it is very difficult to predict anything about it.,2022-02-02 13:34:30,1,ejq4zqsc,CryptoCurrency,-0.4478,somewhat negative
Roy1984,"I would say the same for paintings which people pay a lot of money hundreds of years. Appearently there are people who think different than me, so I can't complain about it. Art has some value, no matter if it's a painting, or jpeg, or a sculpture... no matter if it looks great or silly, it has value.",2022-02-02 13:38:54,1,yif3yej,CryptoCurrency,0.8697,very positive
lomosaur,Most NFTs are dumb but if you think the rest of these markets arent just as manipulated youre fooling yourself.,2022-02-02 13:40:10,1,fpr4q4z,CryptoCurrency,-0.4689,somewhat negative
Probably_notabot,"Art is Art? Ive never understood the modern art sculptures people pay millions for either. But id agree people are not buying the monkeys because of the picture, its to get in the club, maybe meet a celeb. NFTs have a ton more use cases that still need to be adopted in the future beyond monkey pics.",2022-02-02 13:56:18,1,cbbaxx2b,CryptoCurrency,0.4678,somewhat positive
TostiBanaanPindakaas,"But some drops of paint thrown to a white canvas is million of dollars?

Edit: Don't get me wrong, I don't get the point either but something can be worth what a lunatic will give for it.",2022-02-02 13:58:35,1,slkrp,CryptoCurrency,0.0979,neutral
Foo-Kid,"You are paying for the utility not the jpeg. The same way you are not paying for the visual paper of a concert ticket, you are paying for the utility of access to the concert.

It is what people value that utility.",2022-02-02 14:04:27,1,wdosj,CryptoCurrency,0.34,somewhat positive
Enigm4,Neither are paintings though.,2022-02-02 14:11:07,1,5mldn,CryptoCurrency,0.0,neutral
thats_so_over,"Not that this will happen but people could also start to implement functionality on top of the nft.  It doesnt only need to be the founders of a project.  

Again, not saying this will happen but people could build new services that require you to hold a specific nft to get access.  Or make it some type of discount club.  

Just saying it is possible since they are decentralized unique tokens on public blockchain networks.",2022-02-02 14:15:59,1,6ntda,CryptoCurrency,0.296,somewhat positive
sylsau,"It always comes back to the theory of the subjective conception of value.

If thousands of people are willing to give so much money for a JPEG, then why wouldn't it be worth it?

To me it is worthless, but I am not the person to decide that. The free market decides for itself.

What is certain is that a bubble can form in this type of market. This is obviously the case now. It will eventually burst like all bubbles. The NFT concept will endure (or not), but prices will return to more consistent levels.

The market will be the only judge in the end. As always.",2022-02-02 14:20:00,1,brc3w,CryptoCurrency,0.8679,very positive
bmorekareful,"It's about the rarity of art and trading art, you just don't get it and won't allow yourself to get it.  It's not all apes and generative bs.  You guys aren't ready for it, just like you weren't ready for crypto a couple years ago.",2022-02-02 14:28:21,1,ive1f,CryptoCurrency,-0.3369,somewhat negative
rvng_is_bst_srvd_cld,"If you have the cash you can buy it, if you don't have the cash just screenshot it.",2022-02-02 14:34:38,1,593oz4x5,CryptoCurrency,0.0,neutral
soccerguy510,"I think a JPEG with utility attached to it a real use case is a different story. No, i dont think they should be worth millions like theyre going for, but its the same with crypto itself. 

If it has use case and utility and the supply is limited, the price will rise. But if its just a picture with nothing going for it, then it shouldnt be - so i agree. But Bored Apes has such a strong community that has the exclusives (celebs and athletes) that its be awesome to be in a community at the same time.

So its tough for me to say whether i agree or not.",2022-02-02 14:38:20,1,a142qhb4,CryptoCurrency,0.9331,very positive
Umarzy,"There are already good use  cases for NFTs & more will come. People need to look beyond  the present hype, and tap into the opportunities areas like gaming & metaverse provides.",2022-02-02 14:42:30,1,45kg5s3v,CryptoCurrency,0.7906,very positive
Knoal,Overpriced NFT's are a sign of irrational exuberance.,2022-02-02 14:42:38,1,etws1,CryptoCurrency,-0.34,somewhat negative
Sunowiii,"I just don't see it, universally people outside of crypto, hell even crypto see nfts as a joke. As soon as people hear the term, it becomes a joke.",2022-02-02 14:56:38,1,h2jue1i4,CryptoCurrency,-0.296,somewhat negative
Stark_Warg,"I actually look at it more like a 4K tv isnt worth 20k like it was when it first came out.  Now you can get one for $400 (I know thats not a one for one with nfts but the general principle is there).  

NFTs right now are just the expensive ass price of a product that in 5-20 years from now will be the equivalent of the $400 4K tv.",2022-02-02 14:58:49,1,gbs5r,CryptoCurrency,-0.6948,very negative
Poriseler,"Most of the people simply don't understand that NFT value isn't in NFT itself but in using it as part of bigger system. Just combine this with real world and smart contracts - what You get? System that allows You to list on auction e.g Monets painiting whenever some circumatacions fulfills (let's say Your account balance drops below 100000). Since most of the art is bought as an investment it can be stored in some global/national warehouse with perfect env conditions etc. You automatically get your money and buyer instantly obtain rights to open room with painting in mentioned warehouse. Simply, transparent, fast and safe.",2022-02-02 14:59:54,1,19de0cfd,CryptoCurrency,0.9489,very positive
GueRakun,"I think the same way about Yeezy sneakers, Rolexes, Dolce & Gabbana, LV, Patek Philippe, diamond jewelries and even sneakers. But who am I to yell at cloud? Heck ""Q"" should never take off if it was up to me. How stupid is the people that believe them? It's hard to understand many things happening in the world, but the answer is not ""yelling at cloud"".

If you like the concept of NFT, but BAYC is too expensive for you, then you are not the target market for BAYC (anymore). If you like sneakers but Yeezy looks too expensive for the quality you like, then you're not the target market. If you like watches but Rolex and Patek Philippe is too expensive for you, then it is by design that it's a form of wealth flex/store of value/collector item.

I hope you can see where I am going with this.",2022-02-02 15:04:27,1,8uqux,CryptoCurrency,0.9517,very positive
TheMadViking99,It will be interesting to see which country that starts utilizing nft technology first in absente voting whether it's for national or local elections,2022-02-02 15:08:25,1,1jgtmro,CryptoCurrency,0.4019,somewhat positive
kxlxxn,"I really like the concept of NFTs, but you wont ever see me buy a BAYC as an ""investment""",2022-02-02 15:13:25,1,2whm8dgt,CryptoCurrency,0.2255,somewhat positive
RichardStaschy,"I have a hard time understanding NFTs because I keep remembering something similar that happened around 2000.

Short version of a long story.

Wizards of the Coat created this cardboard game called Magic the Gathering. Some of the cardboard cards are worth lots of money. In early 2000s, Wizards pushed a digital version of the game called Magic Online, thay claim it will be the future of Magic. And yes some of those digital cards was worth lots of money. Then less then 10 years ago (maybe sooner) Wizards pushes a NEW ONLINE FORMAT called Arena - and the Magic Online cards value crashed.

I thought it was stupid back in 2000 because I saw the Online cards as JPEGs.

As for NFTs all I'm seeing is silly JPEGs. I believe the value is based on ETH (or whatever chain it's attached to). 

I believe the NFTs are rising the value of ETH and its gas. 

I do expect this NFT thing will crash if 90% of its utility is stupid JPEGs... so far I don't see any awesome use unless I play a game that allows my only NFT to be displayed or used (cool maybe but nothing that I would sink more then 50 dollars.)",2022-02-02 15:48:08,1,4728gi,CryptoCurrency,0.2853,somewhat positive
Impossible_Weekend25,"You just described any form of art that has existed for the entirety of human history.

Is a piece of paper with some paint on it worth a lot of money? Debatable. But for rich people who want to show off and be in special groups, yes. They can just jerk each other off and trade art around for extravagant amounts of money. The more you pay for something, the more successful you seem.",2022-02-02 15:50:38,1,gn6eizb8,CryptoCurrency,0.947,very positive
Joes_naptime,They are the new age of money laundering that the rich did with artwork.,2022-02-02 15:57:07,1,empyidd1,CryptoCurrency,0.5574,very positive
CoC_Ridill,"If you want to be in the Bored Apes Yacht Club social club, then a Habtoor's Last Hopium aint going to do it for you, unless BAYC owners start collecting this as well.",2022-02-02 16:17:47,1,d4e1wxuc,CryptoCurrency,0.0772,neutral
Calivan,"There is a middle of the road on this, what has happened with NFTs is a shame to an extent. They are more than art, way more. The focus on art is because it is the easiest vein for the general public to understand and utilize the technology.

My opinion is that art NFTs are like trading cards. People can trade them at a perceived value. Nothing wrong with this. Magic the Gathering follows the same concept, these cards can be duplicated/forged as ""proxies"". These proxies can be nearly identical in look and feel, but they do not carry the same value. The authentic cards can trade for tens of thousands.

That said the where the value to me should come into question is how the art is stored. On the blockchain, in a decenterized storage (that the token owner controls), or centralized storage. If at any point the owner of the token doesn't control the art, specifically in centralized storage, then that token should be near worthless. As the art can go away at any moment and they just control some meta data on a chain.

The other consideration is authenticity and viability. Art based NFTs created outside of the copyright holder are a real issue, functionally the same as forged art. In terms of viability, the developer community and corporations will build solutions around specific blockchains. Those chains not adopted by these groups will see their NFTs lose value or even become worthless. Even worse some may just crease to exist due to project and community abandonment.

So my point here is don't make the argument that art NFTs are not worth their precieved value. Let the community determine the value and you decided if you want to participate or not. I choose not to as I see a lot of risk at this point, but I see the value as concept matures.",2022-02-02 16:28:57,1,h67pw,CryptoCurrency,0.2484,somewhat positive
ree2_,Jpeg might be worth millions of dollars but it's hash not.,2022-02-02 16:48:49,1,6dgs2o30,CryptoCurrency,0.1154,somewhat positive
n8rman13,"I HATE that the word NFT is used to mean digital picture now. 

Those people need to make a new noise with their face that means that shit, cuz it ruins the rep of what an actual NFT is and can be used for",2022-02-02 17:37:21,1,7bsjfsi1,CryptoCurrency,-0.8986,very negative
DeezCryptos,"Why not though?  A bunch of college students around the world have a poster of Klimts ""The Kiss"" hanging on their walls, but none of them are the original painting.",2022-02-02 18:12:28,1,bnucgygz,CryptoCurrency,0.5927,very positive
DagiUr,"Nft=ownership 
Your car, house, shoes everything will be an nft.",2022-02-02 18:46:20,1,esxic95f,CryptoCurrency,0.0,neutral
finnishmacinnis,"Sometimes I wonder if people would hate NFTs as much if pricing levels were completely different.

If popular NFTs cost $5 or $10 instead of thousands or even millions, NFTs might not catch as much flack as they do.

I realize the market is whatever people will pay (and minting costs factor into this) but it's interesting to think about.",2022-02-02 18:58:00,1,aqr9m,CryptoCurrency,0.4646,somewhat positive
Western_Helicopter_6,"The concept of painting is valuable. But a painting is not worth millions of dollars 

The concept of digital art is valuable. But a (insert file format) is not worth millions of dollars 

Do you see the problem here?",2022-02-02 19:21:59,1,aa8oqlvi,CryptoCurrency,-0.0895,neutral
mr_birrd,You know why we call it a bubble... cause it is something inflated,2022-02-02 19:38:36,1,qkbr9tq,CryptoCurrency,0.0,neutral
Ayyvacado,"Do these dumb fuckers really think if they own an ape they could talk to Justin Beiber? Or Jimmy Fallon? They would receive one text from you, it would get automatically fwd'ed to an assistant and it would be automatically processed into a restraining order. They do not care you ""own"" an ape jpeg and would find pleasure in watching you get hit by a cactus covered car filled with orangutang pee if it meant their metrics when up 1%",2022-02-02 20:07:48,1,2eth1z4d,CryptoCurrency,-0.7571,very negative
Gallows94,"If the market is willing to pay millions for a particular nft linked to a jpg, then it is worth millions, regardless if you value it at that price or not.",2022-02-02 21:29:39,1,31lad5,CryptoCurrency,0.4404,somewhat positive
kirtash93,Still waiting until someone buys my Dick pics NFTs for 100 ETH.,2022-02-02 21:53:51,1,ax5ierpr,CryptoCurrency,-0.5106,very negative
Rocko210,"Theyre worth whatever someone is willing to pay them for. Just like crypto. The same reason one doesnt like NFTs, is the same reason others dont like crypto.",2022-02-02 22:00:36,1,p7cqrsg,CryptoCurrency,-0.0567,neutral
Blocks_and_Chains,"NFTs are way past jpegs phase, nowadays. Im looking at YoloParrots for example, these NFTs are coming supercharged with PNT tokens, a flock of 10 allows for running a node for pNetwork, theyll have in-game utility (in Chain Guardians) and so on There are lots of similar cases and NFTs are getting more and more creative lately!",2022-02-02 22:45:09,1,d9isl5o3,CryptoCurrency,0.5788,very positive
ETHcited,"Lol.

It's not a jpeg, that's just part of it. Many owners including myself have already made back more from their investment into bayc, without selling the item. If you don't understand the actual valuation of BAYC as an entity and not a jpeg, then you're ngmi.",2022-02-07 10:31:39,1,59kn5wg,CryptoCurrency,0.4215,somewhat positive
boobiecheeks,i agree. also i own several jpeg nfts,2022-02-23 02:09:31,1,9bkyw8zj,CryptoCurrency,0.3612,somewhat positive
MaxPower864,"While Im not a fan of NFTs, this search trend is similar to that of cryptocurrency and nobody is saying that that is falling off.",2022-03-20 14:56:04,1134,483yy827,CryptoCurrency,-0.374,somewhat negative
Juuljig,"How does a lower search count on the word NFT, correlate to an upcoming alt coin season. OP is grasping at straws with this one. Im assuming your bags are down 40% and this post helped you cope? Cant forget to mention the insane amounts of bs scam tokens, is that going to also pump this altcoun season?",2022-03-20 14:36:36,379,m8mevdw,CryptoCurrency,-0.8071,very negative
deathbyfish13,"
>Good news, everyone

Prof Farnsworth, is that you?",2022-03-20 15:16:32,29,173rmn,CryptoCurrency,0.4404,somewhat positive
Huth_S0lo,"Curious why this is good news.  Just because you dont like them, doesnt mean others dont.

What Im seeing is allot of cash grab projects disappearing, and the projects with a real plan and proper ethos getting ahead.",2022-03-20 15:46:53,22,4e5qd4lt,CryptoCurrency,0.4749,somewhat positive
MrRandyWatson_100,This is a terrible metric. Apecoin just restarted the NFT market again,2022-03-20 15:41:56,22,7xvz96z2,CryptoCurrency,-0.4767,somewhat negative
LaBeloMall,"This actually pisses me off because people don't realize NFT users are also crypto users (duh?), but stupid posts like this that attempt to fraction that commonality.

Ive been in NFTs for 2 months now. Some of the brightest minds are in nfts (not necessarily all in on nfts but just open minded about it and adding to the dialogue). 

The very reasons why people were drawn to crypto vs tradfi, now people are making those same close minded mistakes on other parts of crypto like NFTs. It's sad because people are making assumptions without even dipping their toes in. Crypto natives should all be united in pushing this space forward but instead we get people fighting each other. Sad.",2022-03-20 14:53:00,54,fphsru4r,CryptoCurrency,-0.6597,very negative
valuedhigh,"Everything is going down now. And you know why less people searching at Google of NFT? Because more people know whats NFT is now. It cant go up forever.

NFT is big",2022-03-20 14:42:47,36,aw6m0r0u,CryptoCurrency,0.0,neutral
Advanced-Guard-4468,It hasn't even started yet. We haven't seen real world use for NFT items.,2022-03-20 14:29:22,24,9u34lfm7,CryptoCurrency,0.0,neutral
BigHairyDingo,People utilizing crypto to buy NFTs and people expanding the crypto economy is bad for crypto? are you dumb?,2022-03-21 00:52:26,4,4ydvqcep,CryptoCurrency,-0.7998,very negative
Original_Run8120,buy the dip?,2022-03-20 13:59:16,14,6phu1a9o,CryptoCurrency,0.0,neutral
TomOkihara,"Alright its hilarious that youre trashing NFTs and then calling for Altcoin season. Have fun holding your ADA lol

There was an explosion of interest in NFTs last summer (JPEG Summer) and its absolutely decreasing, youre not wrong. 

JPEG Summer was super fun and certainly put NFTs in the mainstream conversation. With a variety of things taking place, and with time just moving forward, interest has shifted toward other things. 

Whats unfortunate is that NFTs get the bad rep for how people use them. You could remove the technology entirely and the same people would be pulling the same scams in the same way. Its just packaged differently. 

Play 2 Earn is gaining a lot of momentum and is becoming a buzz phrase. Metaverses are gaining popularity and blockchain gaming is highly anticipated. NFTs arent going anywhere.

Edit: Wanted to update this morning because yesterday Charles claimed that ADA would soon perform on par with SOL lmaooo",2022-03-20 15:11:51,16,1ctxw9on,CryptoCurrency,0.9793,very positive
Odysseus_Lannister,Good. Let the jpg/pet rock craze die and let better applications of NFTs come to the forefront.,2022-03-20 14:25:28,17,8daxq,CryptoCurrency,0.0772,neutral
Boots0235,The NFT hate in here is comical ,2022-03-20 15:52:10,8,2i1ullu4,CryptoCurrency,-0.5719,very negative
Cow_Bell,I guess no one remembers December 2017,2022-03-20 15:23:48,3,b5srl,CryptoCurrency,-0.296,somewhat negative
Kaneki2019,Yall sound like the people who hate on cryptos lol. This sub is so biased,2022-03-20 18:17:40,3,ovnjyrk,CryptoCurrency,-0.2827,somewhat negative
Sad_Ad_1943,So I should buy more APE??,2022-03-20 14:42:13,5,ajg3zetj,CryptoCurrency,0.0,neutral
Roberto9410,"The hyper will die, but afterwards the use cases for NFTs will follow",2022-03-20 14:43:54,4,37n7q4u6,CryptoCurrency,-0.3506,somewhat negative
IndicatedinParis,"Such a sad take, only from someone who probably missed several life changing amounts lol hfsp",2022-03-20 14:48:05,5,xh2st,CryptoCurrency,-0.3612,somewhat negative
kruthikv9,Victory is at hand,2022-03-20 14:56:23,2,49itl9c,CryptoCurrency,0.4939,somewhat positive
wavygreens,I thought this sub was off looking at google search volumes,2022-03-20 15:08:55,2,jlmp6qk,CryptoCurrency,0.0,neutral
DynamoDylan,Guess it's a NFT bear market now.,2022-03-20 15:29:15,2,eo87m,CryptoCurrency,0.0,neutral
xiaro1,No,2022-03-20 15:30:32,2,i42uvsc,CryptoCurrency,-0.296,somewhat negative
Ant0nnnn,It's pumped recently,2022-03-20 15:36:12,2,2cm2chzc,CryptoCurrency,0.0,neutral
Maleficent-Pain-8276,Luna one metaverse is a very exciting new project,2022-03-20 15:48:50,2,4hcdst0c,CryptoCurrency,0.5413,very positive
Tommythecat88,Hopefully this means we're entering the period where stupid NFTs die off and real use NFTs start getting some coverage to the wider public.,2022-03-20 17:27:24,2,a2fpvore,CryptoCurrency,-0.6808,very negative
Alvarez_Fx,Sweet nows the time to get in,2022-03-20 19:09:06,2,5vbn0g9l,CryptoCurrency,0.4588,somewhat positive
zedaero,Why buy monekys when you can buy Banano,2022-03-20 21:29:59,2,idujf,CryptoCurrency,0.0,neutral
ClassicMain,"I think that utility NFTs will still have a steady demand.

I personally own 5 NFTs with huge utility behind them (superrarebears and deadbrothers, both on Elrond), which pay out regular farming earnings to holders.",2022-03-20 23:44:11,2,4joo5ck,CryptoCurrency,0.1027,somewhat positive
JaxTellerr,Why are you so butthurt about people making money with NFTs. Do your frigging research. You sound like a right click save type normie,2022-03-21 00:54:42,2,153xve,CryptoCurrency,0.6908,very positive
FallenOne2334,All the scams it was bound to happen.,2022-03-21 01:04:25,2,gzigps3t,CryptoCurrency,-0.5859,very negative
MaleficentSurround97,"The NFT market is maturing. People are learning to recognize rug-pulls and bad actors and those projects are failing miserably. While it may look like the space itself is doing poorly it's actually GOOD news. The quality projects with strong utility and community (for many community IS the utility) are gaining traction and appreciating and the the bullsh** projects aren't even minting out. This HAD to happen in order for the space to move forward. The quality projects that are building have plenty of capital to weather almost any bear cycle imaginable and will come out of it with that much more of the market share.Like anything a little patience and discernment could lead to massive rewards. It's well known to everyone in the space that 99% of these projects will go to zero, but the ones that don't hold massive opportunity. imo of course",2022-03-21 02:26:13,2,2bs2sh8c,CryptoCurrency,0.3001,somewhat positive
TronskiBillups,"How is this good news?

like it or not, NFTs onboarded way more normies compared to any deFi or shitcoin",2022-03-21 02:56:48,2,mdujc,CryptoCurrency,0.7073,very positive
trizest,"i think the value stratification will change. the ""blue chips"" increasing in value and becoming more unobtainable. 

The value of second-rate NFT's will go to zero.",2022-03-21 02:59:07,2,97e6dp6t,CryptoCurrency,0.7553,very positive
GetMoneyMyrick,Imagine the mental gymnastics to be anti NFT but pro shitcoin,2022-03-21 03:40:51,2,ue7i9,CryptoCurrency,-0.1655,somewhat negative
s3thm1chael,This is one of the dumbest posts Ive seen on this sub lmao. Good news everyone: I just made some shit up in my head.,2022-03-21 03:49:39,2,1i224vc,CryptoCurrency,-0.0258,neutral
purpledrank7855,"You're doing it wrong. 
Find your lane and own it. 
If it's not NFTs, why FUD people who are working to build just like the rest of us. 

If you're in crypto you probably like pushing boundaries, so why such small range?",2022-03-21 04:12:49,2,2hrh9h2a,CryptoCurrency,0.5034,very positive
Ok_Board8029,"The good news is that everyone, at least for now, will be able to do the same thing",2022-03-21 10:44:07,2,h5gfjmju,CryptoCurrency,0.4404,somewhat positive
KronosTP,Oh man another post whos source is google trends and doesnt know what an NFT is,2022-03-21 11:35:13,2,2i18ti9s,CryptoCurrency,0.0,neutral
seanhales69,"NFTs are part of the overall crypto community, thats like saying you are happy a player on your team is injured. A win for NFTs is a win for crypto",2022-03-21 11:47:30,2,kib0m,CryptoCurrency,0.9022,very positive
joaofigueiredo96,"Honestly this type of post is maybe the stupidest shit you can post and rookies will think it is true.
Google searches are not the only indicator you should look at. Check volume (also dropped a bit), new owners, increase in holding value, companies creating NFTs and launching colletions.

Be serious if you wanna bash on somethinf, that way you dont sound ridiculous to say the least",2022-03-20 16:46:42,6,46azio3u,CryptoCurrency,0.6715,very positive
Jellars,"Or maybe people stopped Google searching ""nft"" because they now know what it is?",2022-03-20 14:39:28,3,38whx,CryptoCurrency,-0.2263,somewhat negative
Zescapespj,This subreddit seems to be mostly FUD these days.,2022-03-20 14:49:07,4,ty3ye1t,CryptoCurrency,-0.4278,somewhat negative
LucasBixtch,Interest is going down sorry but I call for BS When you start having auction at Christies and other big Art Venture in Paris such as early this year and this month for NFTs you know thats just the start of it. It being more widely accepted than crypto,2022-03-20 17:26:26,4,4rmwcoy2,CryptoCurrency,0.6017,very positive
DpremierX2,Anyone wanna buy a picture of an ape?,2022-03-20 14:50:26,3,b765xmek,CryptoCurrency,0.0,neutral
firelizard77,"'flipping for a bigger sucker to buy in'... 14 years of blockchain and people still think this way.
a picture of an ape isn't a criticism of blockchain. you can draw a dumb looking ape on a piece of paper, it doesn't make a very good criticism of paper",2022-03-20 14:34:04,2,1uyxkrj7,CryptoCurrency,-0.6462,very negative
siddharta0,It will plummit like the ico hype 2018/19.,2022-03-20 13:58:55,3,5istzra3,CryptoCurrency,0.3612,somewhat positive
Lillica_Golden_SHIB,"Probably it reflects the bearish sentiment around the market nowadays. Once the market gains traction again, so will interest",2022-03-20 14:28:12,2,fivqwx7a,CryptoCurrency,0.6887,very positive
Parush9,Which is why Apecoin came around . Somehow them devs are trying to stay on top of the game .,2022-03-20 14:40:34,2,a0w6j8sj,CryptoCurrency,0.2023,somewhat positive
OG_LiLi,Gartners Hype Cycle playing out in real time. This is just the first wave collapsing. It will be back. https://decrypt.co/79572/gartner-hype-cycle-ranks-nfts-peak-inflated-expectations-amid-craze?amp=1,2022-03-20 14:59:41,2,4d2tmwm,CryptoCurrency,-0.1027,somewhat negative
SwaggyCheese,The monkey jpeg that cost me .5 eth just gave me free $150k. And yet interest is dying. Enjoy buying bags of altcoins.,2022-03-20 17:10:02,2,1w3f27b3,CryptoCurrency,0.8591,very positive
mixedfeelingz,The fact that this sub is against NFTs blows my mind.,2022-03-20 20:20:25,2,ey62v,CryptoCurrency,0.0,neutral
cutsickass,"Oh no, all those ""artists"" who bought their own NFTs for ridiculous prices just to spike up the price will be left with the exact same amount of money they already had! ",2022-03-20 14:01:10,0,62q1htuv,CryptoCurrency,-0.4199,somewhat negative
Reasonable_Lie3383,"Oh this is interesting, thanks for doing the research!",2022-03-20 14:04:51,1,4ox2g4mn,CryptoCurrency,0.7088,very positive
Hank___Scorpio,To the shock of no one who doesn't measure their IQ in potatoes.,2022-03-20 14:44:12,1,8y9zz,CryptoCurrency,-0.5859,very negative
fan_of_hakiksexydays,"Supply is overtaking demand? What a shocker.

Everyone and their dogs can make their own NFTs. 

I can drop a million new NFTs tomorrow. 

The creator of bored ape could make a million more of those if he wants. 

There's no limit on the supply of NFTs. 

It's like beanie babies, but anyone can make their own supply of beanie babies.",2022-03-20 14:28:48,1,7rjhg,CryptoCurrency,-0.3612,somewhat negative
coachhunter,"Its a bit like crypto as a whole, currently a lot of financial value is driven by hype/ speculation, in time will move to value based on utility.

But ETH is not really suitable for utility NFTs as fees are too high. Later in the year native NFTs will go live on the XRP ledger, with minting and other transactions costing less than 0.01c.",2022-03-20 14:41:36,1,1hjxby03,CryptoCurrency,0.4854,somewhat positive
TeddyBongwater,Alt coins are for suckers,2022-03-20 15:39:49,1,qkmlv,CryptoCurrency,-0.5106,very negative
Sweetyams10,Probably after the ape coin fiasco and realizing they are worthless digital real estate,2022-03-20 14:30:47,0,4abchp5d,CryptoCurrency,-0.7351,very negative
Lhadar31,It was bound to happen. Such things are not sustainable unless a real use case nft comes along,2022-03-20 15:08:22,0,fd177a9f,CryptoCurrency,0.0,neutral
kaze_san,It might go up again once GameStop finally opens its highly anticipated NFT marketplace until July and so there will be much better usecases and an easy to use way for more people. I think the technology really has potential - but we are still very early!,2022-03-20 15:13:59,0,igzs780,CryptoCurrency,0.4926,somewhat positive
mcbelisle,Waste of money,2022-03-20 15:44:48,0,f3s26,CryptoCurrency,-0.4215,somewhat negative
NaughtIdubbbz,"Good theres too much shit out there, needs to pop. 

Apecoin??? Lmao so dumb",2022-03-20 15:49:46,0,3p0yllnx,CryptoCurrency,-0.378,somewhat negative
succesfulnobody,"Thank god, hope it will be over soon. Such bullshit.",2022-03-20 17:18:16,0,3agyi3d5,CryptoCurrency,0.4019,somewhat positive
aldine_jolson,Nfts are a literal waste tho,2022-03-20 17:22:53,0,3e5j4fp,CryptoCurrency,-0.4215,somewhat negative
SammyFortunato,"Actually,  from a real world perspective, I'd say interest is gaining momentum... maybe people stopped google searching for the term ""NFT"" because there is a greater understanding, and many of their 'crypto-savvy' acquaintances can explain to them ",2022-03-21 05:17:08,0,cp55ulkg,CryptoCurrency,0.7506,very positive
TonLoc1281,I have news for you no one ever sold an NFT for $300k to anyone else or for any large sum of money for that matter,2022-03-20 18:16:18,-1,5hyiov4p,CryptoCurrency,-0.2732,somewhat negative
L0nga,People still think of monkey pictures when NFTs are mentioned? I thought crypto sub would be better informed and less ignorant.,2022-03-20 18:23:46,-1,gdn9k,CryptoCurrency,0.2716,somewhat positive
michael1990utd,So whats the best gaming tokens to buy ,2022-03-20 14:06:33,1,3nukxb1s,CryptoCurrency,0.6666,very positive
Successful_Craft3076,"We are not yet at the point of full panic. When that happens and mass sell outs starts many people gonna lose their money. Just hope it don't bring down the whole market 
Funny how people think every unique thing will have added value in few years.",2022-03-20 14:27:42,1,a1rc57m4,CryptoCurrency,0.296,somewhat positive
Disavowed_Rogue,I really want tokens for skins that can be used across Aaa games,2022-03-20 14:36:34,1,y1v51,CryptoCurrency,0.1513,somewhat positive
eforslund518,Do you think interest will continue to drop if some one integrates NFTs into an actual business using them for a practical purpose other then collecting them.,2022-03-20 14:45:41,1,a0y2svrf,CryptoCurrency,0.2263,somewhat positive
softhackle,"Im glad, the garbage NFTs need to go. I love seeing how some (few) NFT games are starting to become more and more like real games though.",2022-03-20 15:03:30,1,16bq9h,CryptoCurrency,0.8822,very positive
aphelio,"Google search trends could be a misleading metric, though. People just looking for a basic definition were surely huge contributors to those numbers. Now that those who were curious have at least a rudimentary understanding, I could see their searches becoming much more specific and perhaps omitting the term ""NFT"", or even just moving on to other sources of information.",2022-03-20 15:06:30,1,doohd0s,CryptoCurrency,0.5859,very positive
Snox-,"Finally, inner peace.",2022-03-20 15:09:11,1,5hunsqxi,CryptoCurrency,0.5423,very positive
imnotabotareyou,My interest remains the same: none.,2022-03-20 15:17:36,1,abc8w1lf,CryptoCurrency,0.4588,somewhat positive
Lampeyy,"In my opinion they will continue the downtrend until actual utility can be stored onto the NFT.

I know that there are protocols out there that will issue staking co tract as an NFT and the data and amount staked will be locked to the NFT. You can then sell the NFT with the coins attached which will not affect the sell pressure on charts.",2022-03-20 15:30:07,1,bycc0yld,CryptoCurrency,-0.296,somewhat negative
SpicedCabinet,I don't think this necessarily means less people are buying. The vast majority of people Googling NFTs weren't doing it with the intention to buy any nor could they anyway if they did have that intention.,2022-03-20 15:30:31,1,1k35ih0e,CryptoCurrency,0.0,neutral
Ooozy69,Irrational exuberance running its full course then,2022-03-20 15:33:59,1,7uzt86m1,CryptoCurrency,-0.34,somewhat negative
kirtash93,"Time to move ETH to my wallet. Gas are finally ""manageable""",2022-03-20 15:35:37,1,ax5ierpr,CryptoCurrency,0.0,neutral
infernalr00t,"Can't wait for people trying to put a price to an NFT in a bear market and two, discovering the real price. 

NFT are the new icos.",2022-03-20 15:35:59,1,3emkyovn,CryptoCurrency,0.0,neutral
3Quondam6extanT9,"I'm ok with this despite seeing utility in NFTs. I would prefer more use case is developed overall, that hype is less of an influence on people outside of the understanding of how Blockchain even works to begin with, and scams become less of a variable.

I think the hype train is actually beneficial in the short term as it offers slight traction to development, but on a longer timeline it becomes self-defeating.",2022-03-20 15:42:13,1,4tik8oxi,CryptoCurrency,0.0387,neutral
rocko430,It's honestly similar to the crypto pump last year. Lot of investors came and did their thing before settling down.,2022-03-20 15:43:18,1,6me7j,CryptoCurrency,0.4588,somewhat positive
dwagner0402,"Exactly. Eventually they gonna run out of idiots who like stupid ass monkey drawings. 

I've heard that the resale value of those dumbass cyber ape nfts will..... Well..... It's not gonna be good in the coming years.",2022-03-20 15:44:47,1,57ved4ty,CryptoCurrency,-0.7849,very negative
jonnytitanx,"How is this good news? As garbage as most NFTs are, wouldn't more search traffic related to crypto be good for adoption?",2022-03-20 15:47:58,1,4d5ozj0n,CryptoCurrency,0.7674,very positive
Doctor_Bre,What you want to search is REAL sign of demand plummetingyou want to get gross and net sales on major NFT platform like OpenSea and his friends (tipically net sales = 2.5% of gross sales)that is somehow indicativeand you want to take the data considering that it is a function of single price of the NFT that got cut in half by Putin and Fed crash. If you see a decrease of less than common decrease in price of a single NfT guess what? We might be talking on a SURGE in demand. Who knows.,2022-03-20 15:56:47,1,aaajps9v,CryptoCurrency,-0.6412,very negative
Professional_Desk933,Its kinda obvious during a bear market tbh. Even this sub has less activity recently,2022-03-20 16:01:19,1,bvm3hzw0,CryptoCurrency,0.0,neutral
barcode972,"You can't pull all NFTs over one edge. In the future, NFTs will not only be JPEGs. It will most likely be your drivers license, concert tickets and much more. It's just that we're so early",2022-03-20 16:02:23,1,33htg7r,CryptoCurrency,0.0,neutral
pdxmonkey,Look at floor price of anything Yuga Labs price is moving up not down.,2022-03-20 16:02:31,1,2emd5a5s,CryptoCurrency,0.0,neutral
happyotter1,Mine is still at zero,2022-03-20 16:03:08,1,6bt87k55,CryptoCurrency,0.0,neutral
GoOnNoMeatNoPudding,Whats the point of an NFT if nobody really cares about it outside of a handful of people? You cant do shit with it. Give NFTs actual value. Good luck with that though.,2022-03-20 16:09:32,1,xr1sc,CryptoCurrency,0.9262,very positive
DagiUr,Yes because nft is monkey jpeg YET.,2022-03-20 16:11:50,1,esxic95f,CryptoCurrency,0.4019,somewhat positive
Stunning_Afternoon40,"I have tried to understand the NFT craze.  
I have above 30 of them(all give aways)   But I dont fullly get the use.    

Yes I have read all about the reasons/use, but still maybe Im not tech savvy enough",2022-03-20 16:16:06,1,ajxwnrv9,CryptoCurrency,0.5023,very positive
gruio1,"Why the fuck do you care what other people spend their money on ? 

It's decentralised. It's not up to you to decide what makes sense and what doesn't for others.",2022-03-20 16:20:02,1,525hkkpt,CryptoCurrency,-0.0772,neutral
Legitimate_Suit_3431,"Never bought into this and hope people who did made some money. Doesn't matter if i don't like how the nfts are constructed today, it still sucks to hear people loose a lot of money either way.

Think coin bureau did a video if i don't remember wrong , where majority of traffic is from whales anyway, so couldn't care much about them .",2022-03-20 16:24:00,1,7e36dc92,CryptoCurrency,-0.5325,very negative
noidontwantto,"I don't understand the bitterness towards NFTs, if you don't like them, just ignore them.  They're here to stay at this point, so get over it.",2022-03-20 16:25:48,1,6zwnt,CryptoCurrency,-0.3296,somewhat negative
Mrramirez44,Of course! Just when I want to buy an NFT.,2022-03-20 16:26:33,1,3oxp068b,CryptoCurrency,0.1511,somewhat positive
Master_Tactician,"You could swap ""NFT"" with ""Crypto"" throughout the post and it would also be true.",2022-03-20 16:30:08,1,bf2ec,CryptoCurrency,0.4215,somewhat positive
ponyo_impact,Not a good thing. Not sure why you guys hate on NFT so much,2022-03-20 16:36:36,1,hznt77o3,CryptoCurrency,-0.7946,very negative
MisterBaked,"it's cyclical. Right now the general sentiment towards NFTs is negative, so the hype is down. Hopefully this means we'll see less cash grabs and scams moving forward",2022-03-20 16:40:58,1,3m7snm51,CryptoCurrency,-0.7003,very negative
Spardasa,"Never bought any NFTs. I rather hodl in eth and btc.

![gif](giphy|i9TNKykku4tVVsyVhh|downsized)",2022-03-20 16:49:20,1,yztrp,CryptoCurrency,0.0,neutral
Existing_Web_1300,NFT actually have good use cases. They just need to be apart of a strong community with a good cause. Majority arent but when you find good projects and communities its cool to see. All of crypto is in down so its not surprising to see NFTs go down as well.,2022-03-20 16:50:55,1,a4jlvuym,CryptoCurrency,0.8975,very positive
moc223,I have no NFTs but plan on entering or beginning that journey with Genius Yield on Cardano blockchain.,2022-03-20 16:52:43,1,a1bxk1mp,CryptoCurrency,-0.1531,somewhat negative
FreshEZ,This sub is so stupid but this post is that rare kind of special stupid.,2022-03-20 16:55:52,1,wzrtj,CryptoCurrency,-0.6337,very negative
swhalen585,This just means more people know what nfts are,2022-03-20 16:57:19,1,4rr23b7c,CryptoCurrency,0.0,neutral
OpinionatedByFacts,Its cuz there arent many good projects at the moment. Its far from over though,2022-03-20 17:02:55,1,ed5dav95,CryptoCurrency,-0.3412,somewhat negative
Yamilon,Thank goodness,2022-03-20 17:04:13,1,dy56p,CryptoCurrency,0.6705,very positive
Fangro,"Could majority of the searches be ""what the hell is NFT?""? If so, that is a pretty logical decline of those and does not show a decline in overall interest",2022-03-20 17:04:48,1,borfm,CryptoCurrency,0.2406,somewhat positive
PsychologicalSpace50,I think interest will go up once a certain gaming company opens their NFT marketplace.,2022-03-20 17:06:27,1,98yl38ub,CryptoCurrency,0.6249,very positive
turboprav,This is in line with the interest in cryptocurrencies as well. Both have fallen in terms of public interest.,2022-03-20 17:08:43,1,1106mo,CryptoCurrency,0.6808,very positive
samcrut,"I could understand NFT for like software licensing, subscriptions, and event ticketing, but the whole jpeg thing is just beyond stupid and proof that some people just have too much cash on hand to throw thousands of dollars at what's obviously a joke that got out of hand.",2022-03-20 17:11:56,1,35dgg,CryptoCurrency,0.8201,very positive
equivas,"Do it like the dogecoin cult, the more it goes down the more they buy",2022-03-20 17:15:44,1,ghnvr1,CryptoCurrency,0.3612,somewhat positive
optionseller,The mating season is coming. Fuck your altcoin,2022-03-20 17:21:09,1,2qivz3c1,CryptoCurrency,-0.5423,very negative
OgSultantv,"I do think we as a community should not call it just NFTs. We should define it by saying its NFT 'pictures/images' because its learning the wrong thing to other ppl.
When talk about crytpo and you bring up NFTs to educate, you get anwsers like 'aaa does pictures' while thats just a small part of NFT and i am guessing it will only slow down ppl wanting to join in on the crypto world.",2022-03-20 17:22:00,1,3tr3r610,CryptoCurrency,0.1531,somewhat positive
rambumriott,wait till they figure out nfts can house applications,2022-03-20 17:29:29,1,90zvhi31,CryptoCurrency,0.0,neutral
lofi-loki,"Ahh another day, another post bashing NFTs in the cryptocurrency sub. Definitely nothing sus going here. Good times.",2022-03-20 17:52:38,1,5r91nwh5,CryptoCurrency,0.6808,very positive
BenniBoom707,"Thats just the first Wave. When Gaming, Movie and Music NFT really start to release you will see an entirely new customer base buying them. I have never bought an NFT, but I am waiting for legit NFT games to start dropping and I plan on investing a lot into them.",2022-03-20 17:55:20,1,a3owa0pg,CryptoCurrency,0.0,neutral
TonyGabaghoul,Most gaming tokens are tied to the value of gaming NFTs..,2022-03-20 17:57:33,1,9ubs2x3n,CryptoCurrency,0.34,somewhat positive
yndkings,"It will tank crypto and the alt coins. Should not make much difference to sound money and btc, but there might be a price dip to clear out weak hands.",2022-03-20 17:57:36,1,4echw4ns,CryptoCurrency,-0.1154,somewhat negative
Brandonlord,"""The altcoin season is approaching"". Okay buddy.",2022-03-20 18:01:34,1,eq1bb,CryptoCurrency,0.2263,somewhat positive
Beagleoverlord33,Yeah this is a good thing,2022-03-20 18:05:20,1,wda2w,CryptoCurrency,0.6249,very positive
dragonstyle2001,The NFT market is becoming over saturated.,2022-03-20 18:08:54,1,3oe3s3d1,CryptoCurrency,0.0,neutral
isitdonethen,The $300k monkeys have actually never been doing better and the bored ape ecosystem is becoming even more dominant in NFTs ,2022-03-20 18:09:01,1,a1p1z84,CryptoCurrency,-0.5432,very negative
plantbaseddude,Is that you Ken Griffen lol,2022-03-20 18:17:31,1,2h2f1eos,CryptoCurrency,0.4215,somewhat positive
itsA73,"NFTs with no utilities will die first then the ones with weak utility or fake dreams and the real ones will survive and have hard times, I'm happy I've never bought an NFT yet, only NFTs I paid for were free and I paid gas fee to mint TravelerLoot NFTs by Tripscommunity and yet they give me discounts on many things just because I'm an HODLer of it. DYOR if you're interested in it. Also even hotel owners and apartments renters can offer discounts or special offers for HODLers.",2022-03-20 18:21:22,1,8uiv9wfp,CryptoCurrency,0.3818,somewhat positive
HeinousHaggis,So ape JPEG go down but ape crypto go up?,2022-03-20 18:22:19,1,70p4j6dl,CryptoCurrency,0.0,neutral
a5wagyuu,"Whats hilarious is that you say gaming tokens are going to surge without realizing that $APE coin is literally going to power play-to-earn games 

Teaser: https://twitter.com/yugalabs/status/1505014986556551172?s=21",2022-03-20 18:28:19,1,7478zcys,CryptoCurrency,0.1779,somewhat positive
giuzeppe00,"I strongly disagree. NFTs were super popular at the end of last year, and yes they dipped a little this year. But im still bullish on NFTs and everyone who is in the space is too. There are so many use cases for it, and so many companies are buying into it.",2022-03-20 18:29:15,1,gabv645f,CryptoCurrency,0.6059,very positive
Premier_Legacy,Cuz its dumb as fuck and always has been,2022-03-20 18:31:55,1,23a1wmyc,CryptoCurrency,-0.7783,very negative
JuneRunner11,NFTs are a gimmick and gimmicks can only last so long,2022-03-20 18:43:18,1,6li6o,CryptoCurrency,0.0,neutral
Hellaguaptor,Great. Now the real value-added NFT solutions can be created and developers arent busy helping someone sell overpriced meme art?,2022-03-20 18:43:57,1,ha14c,CryptoCurrency,0.7106,very positive
joemetarei,How is this good news,2022-03-20 18:45:47,1,gc7y3u0w,CryptoCurrency,0.5228,very positive
TradeBitter,"Someone who clearly has no knowledge of the nft space. 

Dyor",2022-03-20 18:46:09,1,87abrupp,CryptoCurrency,0.128,somewhat positive
Andragast777,People hating on NFTs are cringe and in most cases don't know what NFTs are in fact about,2022-03-20 18:47:40,1,7cvh3pqk,CryptoCurrency,-0.5106,very negative
Adept-Guide-8327,"I bought in, January 15th. Youre welcome!",2022-03-20 18:48:04,1,a2wtwaz9,CryptoCurrency,0.5093,very positive
iamjide91,I don't think so at all.,2022-03-20 18:48:32,1,15orh9,CryptoCurrency,0.0,neutral
NSUCK13,Why is this good news? Are we at the point in the cycle where everyone wants everyone else to lose?,2022-03-20 18:55:57,1,2abqr2n9,CryptoCurrency,0.2582,somewhat positive
methreweway,"Can you cross reference actual NFT's purchases, price and volume? Straight Google search may not be accurate since it's still a bit niche.",2022-03-20 18:57:23,1,rj1zl,CryptoCurrency,0.2263,somewhat positive
josh824956,Lmao poor guy OP this post is sad,2022-03-20 18:58:25,1,8bacw,CryptoCurrency,-0.3182,somewhat negative
icantsleep714,Remember the rock NFT? and Im not talking about Dwayne Johnson. Cant believe some idiot bought that from my cousin.,2022-03-20 18:59:07,1,833s87nk,CryptoCurrency,0.4023,somewhat positive
Constant-Signal-2058,Feel like I've watched the interest fall off a cliff for the normal person who doesn't sit on a computer 14 hours a day.,2022-03-20 19:02:47,1,a0wn7ejo,CryptoCurrency,0.6705,very positive
Dekzo,you know everyone who owned any bored ape or family project got hundreds of thousands of dollars for free last week right,2022-03-20 19:05:13,1,l0p4h62,CryptoCurrency,0.296,somewhat positive
rj8899,"The only thing I could see NFT purpose for in the material world is using them to sign company documents such as financial reports. Even then youd need a scanner software that proves the NFT owner published the image from an original, verified source . That technology isnt really integrated into its uses yet and QR codes currently are more practical even though they offer less security",2022-03-20 19:07:15,1,20mf9xf0,CryptoCurrency,0.5279,very positive
Masta0nion,Unreal that some people still only see NFTs as a speculative asset on a crypto sub. How many times have you tried to explain to someone the deeper benefits of crypto?,2022-03-20 19:12:31,1,13h3tl,CryptoCurrency,0.6705,very positive
Musiquillahst,This nft fud is getting out of control. You could used the time to make this shitty post to educate yourself.,2022-03-20 19:22:14,1,4dcgxukz,CryptoCurrency,-0.7469,very negative
alexm901,The NFT FUD is real,2022-03-20 19:27:45,1,ltecl,CryptoCurrency,-0.4278,somewhat negative
EppingMarky,So where will the illegal funds flow now?!,2022-03-20 19:29:12,1,6it9h,CryptoCurrency,-0.5983,very negative
sweaty-pajamas,"Honestly, Im perfectly okay with gaming tokens. But I will never understand why NFTs ever became a thing.",2022-03-20 19:32:56,1,rv4ch,CryptoCurrency,0.6187,very positive
quesi_job,Rooting for Aurory project. Can't wait for their game launch,2022-03-20 19:39:05,1,1il64d3z,CryptoCurrency,0.0,neutral
BHKbull,"Im getting pretty tired of people hating on NFT technology and rejoicing the idea that it will die off. Sure, fuck the million dollar monkey jpegs. But NFT tech beyond just that trope is fucking amazing and is a hugely promising and key part of the future of crypto and of web3. In my opinion, the flood of NFT hate that weve been seeing lately almost definitely originates from big companies that are threatened by NFT tech and pump out FUD for people like you to latch onto and spread more baseless vitriolic bullshit.",2022-03-20 19:40:53,1,9z2c4wi8,CryptoCurrency,-0.8915,very negative
Eggmud11,"This was sourced from Google Trends. This is not indicative of the general interest in NFTs, only the search volume for the keyword NFT. 

People who know what NFTs are generally wont search the keyword NFT by itself because the search intent behind that keyword is informational and broad - people are looking for a definition or a general overview of the concept. 

If there was a decline in the overall volume of NFT *related* searches, then maybe theres a case to be made that NFT interest is rapidly dwindling.

There are alternative hypotheses that could be made with this data, like that the general public has become more educated in NFTs.",2022-03-20 19:42:10,1,6bv188rn,CryptoCurrency,0.8176,very positive
AMPed101,"Altcoin season...
OP, I...",2022-03-20 19:46:17,1,zrl9d,CryptoCurrency,0.0,neutral
TabletopThirteen,This same post I think like exactly the same post was posted a few days ago. Then when things were green there were posts about NFTs going up 17%. Moon farmers will moon farm I guess,2022-03-20 19:47:50,1,3narxzdg,CryptoCurrency,0.3612,somewhat positive
mr_jago,No more monkey nfts bring in the dog shit coins,2022-03-20 19:48:57,1,4yx3syy9,CryptoCurrency,-0.7003,very negative
Catfreshent,"Um... nfts are actually gaining traction.

People are seeing how convenient the technology behind them is. I could see air lines using nfts for plane tickets. Or dmv using nfts for licenses/passports. Sports event tickets, etc...

I don't get why many crypto people are against nfts? I would bet these same people were against crypto before the 2017 run.

Nfts on board many people into crypto. Team work makes the dream work.",2022-03-20 19:51:47,1,m2zsw1i,CryptoCurrency,0.5859,very positive
Dull-Fun,How do you deduce from such graph that altoin season (which in itself is a very stupid concept) is coming? Are we just randomly shitposting?,2022-03-20 19:53:08,1,4jfib3pt,CryptoCurrency,-0.6191,very negative
willmlina51,It's amazing how people are so biased hahaha and cherry pick info.,2022-03-20 19:59:50,1,171amx,CryptoCurrency,0.7129,very positive
tmurg375,"NFTs arent going down, its just articles being posted about it make it seem like this is the sentiment. Smear campaigns to keep the power from creators. Unpopular opinion in here Im sure, most of you know Im right.",2022-03-20 20:11:54,1,bo3rq,CryptoCurrency,0.3182,somewhat positive
ThatDJgirl,Got doooped one to many times. And gas fees can suck it. Ill wait until everything stabilizes.,2022-03-20 20:12:16,1,hgwz2,CryptoCurrency,-0.6908,very negative
Loquith,"Because of the stupid news around the topic, all focus on NFTs pfp projects and not on the value and utility of NFTs.",2022-03-20 20:25:42,1,buuh383c,CryptoCurrency,-0.6636,very negative
skyhh,Solana NFTs are certainly not dying,2022-03-20 20:26:52,1,j74qg,CryptoCurrency,0.34,somewhat positive
swendwend,I read this in prof farnsworths voice,2022-03-20 20:32:12,1,b7il5s0y,CryptoCurrency,0.0,neutral
nothingnotnever,"I keep forgetting why /r/cryptocurrency is anti-NFT. Oh well, Im sure it will come back to me.",2022-03-20 20:33:36,1,9g2ci96t,CryptoCurrency,0.5267,very positive
babudo,Good news!! Search for Cryptocurrency has plummeted as well!,2022-03-20 20:37:33,1,7d45n1we,CryptoCurrency,0.7074,very positive
kapedu,what new projects do you follow?,2022-03-20 20:46:16,1,683nv,CryptoCurrency,0.0,neutral
althemighty,The NFT space is becoming more like other collectables. The products with a good brand and demand will survive but all the random shit will die. Nothing different to physical tcg that just did this.,2022-03-20 20:49:34,1,xc9wq,CryptoCurrency,-0.8642,very negative
braddavery,Who'd have thought.,2022-03-20 20:50:41,1,4miaa,CryptoCurrency,0.0,neutral
pbjtech,NFT's are the Spacs of crypto,2022-03-20 20:53:40,1,avg5o,CryptoCurrency,0.0,neutral
Stormtrooper0117,Can someone please take my NFTs from me):,2022-03-20 21:00:47,1,259z6dn5,CryptoCurrency,0.3182,somewhat positive
OffenseTaker,"It was to be expected, NFTs used in this way are functionally useless. When they're used as proof of membership, or proof of ownership of a real world physical thing, or something like that, THEN they'll be worth something.",2022-03-20 21:00:50,1,2c45zs8o,CryptoCurrency,0.1531,somewhat positive
eleven_Plus_TwO,"Anyone who is interested in NFTs has already googled the term and is aware of what they are. Only way to get more google searches is to bring in a new crowd, which won't happen until hype comes along which won't happen until bull market starts again.",2022-03-20 21:04:10,1,yacssi,CryptoCurrency,0.4019,somewhat positive
rorood123,Crypto kitties will come back some day too right? .... Right?,2022-03-20 21:09:18,1,b7xfsc,CryptoCurrency,0.0,neutral
Satadaes,"reach mountainous unite chubby steep cautious historical longing steer dinosaurs

 *This post was mass deleted and anonymized with [Redact](https://redact.dev)*",2022-03-20 21:10:59,1,bo9gqdt,CryptoCurrency,-0.1027,somewhat negative
SpaceGrape,"No, useless NFTs are dying.  But they have useful contract-like abilities and now the use-case NFT is emerging. Boson Protocol is hosting Metaverse Fashion Week (MVFW) this week in Decentraland and the digital to physical sales are through NFTs.",2022-03-20 21:12:44,1,4byf6,CryptoCurrency,0.6652,very positive
PinguForever27,Time will tell,2022-03-20 21:26:58,1,39nqtuy2,CryptoCurrency,0.0,neutral
neonfixer,Garyvee gonna have something to say about that lol,2022-03-20 21:29:32,1,13d5lf,CryptoCurrency,0.4215,somewhat positive
rybfish,"I disagree I know many artists who are still doing well selling nfts. Why does it have to be either or? All of this is new to alot of people, it takes time for all of these markets.",2022-03-20 21:32:45,1,313r1o1g,CryptoCurrency,-0.128,somewhat negative
AffectionateLand69,"Hm.. I still earn 1-2Eth every month in NFTs. Yes, it has slowed a bit, but still very much relevant",2022-03-20 21:37:18,1,azjxzahp,CryptoCurrency,0.2144,somewhat positive
ARMA-ON,NFTs will pump again very soon,2022-03-20 21:39:48,1,ducc0lgr,CryptoCurrency,0.0,neutral
ARMA-ON,NFTs will pump again very soon,2022-03-20 21:39:54,1,ducc0lgr,CryptoCurrency,0.0,neutral
After-Violinist-7485,idk. i think they are fun to collect.,2022-03-20 21:44:11,1,8fawmcuz,CryptoCurrency,0.4404,somewhat positive
tek3k,I just found out today that NFTs are much more than JPEG monkeys. NFT is a technology that is going to pervade every aspect of human commerce. Now I understand why such huge companies are making early entry investments into the space. The hype will die but over time the functionality and use cases are going to explode. I imagine that people who recognize this and make smart non-monkey investments will be filthy rich in 5 years.,2022-03-20 21:50:42,1,fl97kk4f,CryptoCurrency,0.8248,very positive
Huge-Grapefruit-8011,"sure, intrest has died, but the uses for them besides .jpeg is outstanding",2022-03-20 21:52:33,1,72x1evk9,CryptoCurrency,0.705,very positive
skinisblackmetallic,Im not seeing any reasons why alt coins will surge whatsoever.,2022-03-20 21:55:11,1,d6a1d,CryptoCurrency,0.0,neutral
Reasonable_Judge9601,What a surprise. NFTs have been the worst thing to come into the space.,2022-03-20 22:06:45,1,7dzrgqch,CryptoCurrency,-0.4588,somewhat negative
